,Distance,Hour,Minute,Day,Day_type,SpclOccasions,Target
0,20,23,35,3,0,9,1
1,4,22,10,3,0,9,0
2,16,18,54,3,0,9,1
3,27,18,54,3,0,9,1
4,5,18,54,2,0,9,1
5,9,14,5,0,1,9,0
6,40,2,10,0,1,9,1
7,40,2,10,0,1,9,1
8,17,1,3,4,1,9,1
9,3,3,26,4,1,9,1
10,21,18,54,4,1,9,1
11,22,18,54,4,1,9,1
12,13,11,33,6,1,9,0
13,11,16,34,6,1,9,0
14,21,16,34,6,1,9,1
15,13,8,10,5,1,9,0
16,5,8,25,5,1,9,0
17,34,8,25,5,1,9,1
18,30,6,8,1,1,9,1
19,40,16,18,1,1,9,1
20,19,16,13,1,1,9,1
21,41,23,3,1,1,9,1
22,32,23,3,1,1,9,1
23,36,6,45,3,0,9,1
24,1,23,46,3,0,9,0
25,32,10,19,3,0,9,1
26,27,10,19,3,0,9,1
27,33,2,56,2,0,9,1
28,10,9,27,2,0,9,0
29,11,18,20,2,0,9,0
30,44,7,45,2,0,9,1
31,9,18,14,2,0,9,0
32,16,2,54,2,0,9,1
33,20,2,54,2,0,9,1
34,22,13,6,0,0,6,1
35,2,13,6,0,0,6,1
36,42,11,59,4,1,9,1
37,22,18,12,4,1,9,1
38,7,16,3,4,1,9,0
39,10,7,23,4,1,9,0
40,16,7,23,4,1,9,1
41,33,17,18,6,1,9,1
42,20,10,7,6,1,9,1
43,15,8,5,6,1,9,0
44,23,7,44,6,1,9,1
45,10,7,44,6,1,9,1
46,22,14,12,5,1,9,1
47,29,13,56,5,1,9,1
48,8,13,53,5,1,9,0
49,25,13,53,5,1,9,1
50,44,9,38,1,1,9,1
51,24,14,11,1,1,9,1
52,11,14,11,1,1,9,1
53,30,11,8,3,0,9,1
54,39,11,8,3,0,9,1
55,9,5,28,2,0,9,1
56,38,6,20,2,0,9,1
57,35,11,6,2,0,9,1
58,21,1,9,2,0,9,1
59,1,17,16,2,0,9,0
60,6,17,16,2,0,9,0
61,15,17,49,0,1,9,0
62,2,1,42,0,1,9,1
63,38,23,47,0,1,9,1
64,35,14,19,0,1,9,1
65,13,14,19,0,1,9,1
66,38,16,39,4,1,9,1
67,24,4,58,4,1,9,1
68,6,1,27,4,1,9,1
69,18,15,55,4,1,9,1
70,17,15,55,4,1,9,1
71,11,15,4,6,1,9,0
72,35,5,44,6,1,9,1
73,24,5,42,6,1,9,1
74,0,19,43,6,1,9,0
75,30,19,43,6,1,9,1
76,20,5,23,5,1,9,1
77,23,12,15,5,1,9,1
78,24,12,15,5,1,9,1
79,5,14,35,1,1,9,0
80,20,10,45,1,1,9,1
81,1,22,13,1,1,9,1
82,22,22,13,1,1,9,1
83,38,5,11,3,0,9,1
84,31,17,31,3,0,9,1
85,34,3,11,3,0,9,1
86,16,3,11,3,0,9,1
87,45,5,39,2,0,9,1
88,22,15,30,2,0,9,1
89,6,15,30,2,0,9,1
90,15,0,40,0,1,9,1
91,18,8,8,0,1,9,1
92,43,2,15,0,1,9,1
93,17,10,36,0,1,9,1
94,20,10,36,0,1,9,1
95,22,19,25,4,1,9,1
96,44,1,42,4,1,9,1
97,21,1,42,4,1,9,1
98,13,21,31,6,1,9,0
99,41,18,56,6,1,9,1
100,15,18,56,6,1,9,1
101,21,19,19,5,1,9,1
102,37,11,0,5,1,9,1
103,36,11,0,5,1,9,1
104,31,6,11,1,1,9,1
105,10,2,15,1,1,9,1
106,26,9,37,1,1,9,1
107,13,10,29,1,1,9,0
108,14,10,29,1,1,9,0
109,34,1,4,3,0,9,1
110,20,18,13,3,0,9,1
111,24,14,24,3,0,9,1
112,44,19,54,3,0,9,1
113,10,9,15,3,0,9,0
114,21,11,9,3,0,9,1
115,21,11,9,3,0,9,1
116,30,8,27,2,0,9,1
117,2,5,12,2,0,9,1
118,7,8,44,2,0,9,1
119,42,8,44,2,0,9,1
120,3,6,26,0,1,9,1
121,36,2,14,0,1,9,1
122,33,18,9,0,1,9,1
123,36,6,48,0,1,9,1
124,38,6,48,0,1,9,1
125,33,5,40,4,1,9,1
126,40,13,13,4,1,9,1
127,16,20,54,4,1,9,1
128,4,16,31,4,1,9,0
129,27,16,31,4,1,9,1
130,24,23,13,6,1,9,1
131,6,20,43,6,1,9,0
132,38,21,0,6,1,9,1
133,26,13,16,6,1,9,1
134,10,13,16,6,1,9,1
135,34,5,54,5,1,9,1
136,22,17,25,5,1,9,1
137,39,13,56,5,1,9,1
138,3,13,56,5,1,9,1
139,5,7,11,1,0,3,1
140,35,19,5,1,0,3,1
141,42,7,41,1,0,3,1
142,23,7,41,1,0,3,1
143,5,11,11,3,0,9,0
144,43,3,3,3,0,9,1
145,41,4,1,3,0,9,1
146,1,4,1,3,0,9,1
147,29,14,26,2,0,9,1
148,6,3,38,2,0,9,1
149,14,9,16,2,0,9,0
150,14,2,22,2,0,9,1
151,3,15,48,2,0,9,0
152,9,15,48,2,0,9,0
153,16,5,22,0,0,4,1
154,15,14,45,0,0,4,0
155,6,20,59,0,0,4,0
156,11,4,23,0,0,4,1
157,21,23,32,0,0,4,1
158,29,18,23,0,0,4,1
159,31,18,23,0,0,4,1
160,28,20,6,4,1,9,1
161,40,9,13,4,1,9,1
162,26,7,16,4,1,9,1
163,3,7,16,4,1,9,1
164,37,18,22,6,1,9,1
165,22,2,28,6,1,9,1
166,29,4,0,6,1,9,1
167,37,4,0,6,1,9,1
168,24,7,18,5,1,9,1
169,0,0,7,5,1,9,1
170,8,18,14,5,1,9,0
171,44,18,14,5,1,9,1
172,40,0,18,1,1,9,1
173,10,5,53,1,1,9,1
174,37,20,40,1,1,9,1
175,36,20,40,1,1,9,1
176,21,2,27,3,0,9,1
177,42,17,48,3,0,9,1
178,10,21,59,3,0,9,0
179,34,21,59,3,0,9,1
180,13,7,49,2,0,9,1
181,43,23,11,2,0,9,1
182,35,11,26,2,0,9,1
183,6,11,26,2,0,9,1
184,43,20,4,0,1,9,1
185,39,9,44,0,1,9,1
186,7,6,28,0,1,9,1
187,16,1,58,0,1,9,1
188,26,1,58,0,1,9,1
189,43,12,35,4,1,9,1
190,24,11,11,4,1,9,1
191,38,11,11,4,1,9,1
192,31,23,9,6,1,9,1
193,37,20,10,6,1,9,1
194,22,20,10,6,1,9,1
195,13,14,26,5,1,9,0
196,19,11,30,5,1,9,1
197,37,5,8,5,1,9,1
198,4,5,8,5,1,9,1
199,30,11,43,1,1,9,1
200,37,12,40,1,1,9,1
201,21,5,33,1,1,9,1
202,20,9,33,1,1,9,1
203,7,9,33,1,1,9,1
204,25,19,4,3,0,9,1
205,17,3,27,3,0,9,1
206,35,3,27,3,0,9,1
207,38,18,5,2,0,9,1
208,18,10,19,2,0,9,1
209,23,2,59,2,0,9,1
210,43,2,59,2,0,9,1
211,3,22,5,0,1,9,1
212,12,15,21,0,1,9,0
213,38,15,21,0,1,9,1
214,17,7,3,4,1,9,1
215,26,1,25,4,1,9,1
216,28,1,25,4,1,9,1
217,27,10,30,6,1,9,1
218,34,3,1,6,1,9,1
219,42,3,5,6,1,9,1
220,34,4,20,6,1,9,1
221,6,4,20,6,1,9,1
222,33,13,30,5,1,9,1
223,24,15,19,5,1,9,1
224,18,15,19,5,1,9,1
225,34,13,35,1,1,9,1
226,45,3,2,1,1,9,1
227,25,3,2,1,1,9,1
228,24,14,8,3,0,9,1
229,21,14,8,3,0,9,1
230,39,5,43,2,0,9,1
231,36,19,38,2,0,9,1
232,16,5,18,2,0,9,1
233,10,5,18,2,0,9,1
234,15,6,5,0,1,9,1
235,22,6,41,0,1,9,1
236,12,6,41,0,1,9,1
237,44,19,18,4,1,9,1
238,1,22,40,4,1,9,1
239,40,22,40,4,1,9,1
240,25,7,58,6,1,9,1
241,13,2,14,6,1,9,1
242,1,12,31,6,1,9,0
243,32,4,39,6,1,9,1
244,36,4,39,6,1,9,1
245,44,21,49,5,0,12,1
246,17,21,49,5,0,12,1
247,28,1,39,1,1,9,1
248,25,10,58,1,1,9,1
249,15,19,54,1,1,9,0
250,38,14,19,1,1,9,1
251,43,14,19,1,1,9,1
252,37,0,46,3,0,9,1
253,33,10,50,3,0,9,1
254,15,1,53,3,0,9,1
255,10,1,53,3,0,9,1
256,36,11,50,2,0,9,1
257,45,11,50,2,0,9,1
258,44,12,54,0,1,9,1
259,28,23,7,0,1,9,1
260,22,19,54,0,1,9,1
261,11,17,29,0,1,9,0
262,12,17,29,0,1,9,0
263,18,9,33,4,1,9,1
264,4,17,25,4,1,9,0
265,21,19,19,4,1,9,1
266,7,23,44,4,1,9,1
267,42,23,44,4,1,9,1
268,13,19,39,6,1,9,0
269,31,13,5,6,1,9,1
270,18,4,21,6,1,9,1
271,9,4,21,6,1,9,1
272,16,20,20,5,1,9,1
273,35,11,31,5,1,9,1
274,39,2,50,5,1,9,1
275,21,15,6,5,1,9,1
276,31,15,6,5,1,9,1
277,27,16,27,1,1,9,1
278,41,12,24,1,1,9,1
279,24,12,24,1,1,9,1
280,33,20,47,3,0,9,1
281,1,15,39,3,0,9,0
282,18,20,40,3,0,9,1
283,14,9,27,3,0,9,0
284,41,9,27,3,0,9,1
285,22,19,49,2,0,9,1
286,34,11,29,2,0,9,1
287,12,11,29,2,0,9,1
288,15,22,37,0,1,9,1
289,13,9,42,0,1,9,0
290,5,9,42,0,1,9,0
291,41,20,49,4,1,9,1
292,19,0,19,4,1,9,1
293,16,19,9,4,1,9,1
294,17,19,9,4,1,9,1
295,23,4,31,6,1,9,1
296,23,16,7,6,1,9,1
297,21,9,58,6,1,9,1
298,22,2,19,6,1,9,1
299,12,2,19,6,1,9,1
300,31,16,44,5,1,9,1
301,10,7,39,5,1,9,0
302,3,7,39,5,1,9,0
303,43,10,32,1,1,9,1
304,17,5,45,1,1,9,1
305,43,5,45,1,1,9,1
306,24,7,36,3,0,9,1
307,35,21,11,3,0,9,1
308,2,21,11,3,0,9,1
309,17,21,11,2,0,9,1
310,27,9,4,0,1,9,1
311,18,15,44,0,1,9,1
312,41,15,44,0,1,9,1
313,37,10,21,4,1,9,1
314,25,10,26,4,1,9,1
315,24,10,26,4,1,9,1
316,34,16,46,6,1,9,1
317,0,4,23,6,1,9,1
318,30,13,51,6,1,9,1
319,7,1,57,6,1,9,1
320,4,1,57,6,1,9,1
321,3,10,30,5,1,9,0
322,44,0,0,5,1,9,1
323,32,21,41,5,1,9,1
324,39,11,28,5,1,9,1
325,5,11,28,5,1,9,1
326,31,12,3,1,1,9,1
327,1,13,45,1,1,9,0
328,41,13,45,1,1,9,1
329,33,4,24,3,0,9,1
330,9,4,24,3,0,9,1
331,43,4,24,2,0,9,1
332,19,23,24,0,1,9,1
333,24,22,39,0,1,9,1
334,20,5,48,0,1,9,1
335,27,4,34,0,1,9,1
336,8,4,34,0,1,9,1
337,8,3,13,4,1,9,1
338,30,21,29,4,1,9,1
339,15,21,29,4,1,9,1
340,36,18,44,6,1,9,1
341,27,11,3,6,1,9,1
342,38,11,3,6,1,9,1
343,11,22,15,5,1,9,1
344,32,16,48,5,1,9,1
345,12,17,55,5,1,9,0
346,27,2,15,5,1,9,1
347,39,2,15,5,1,9,1
348,28,0,4,1,1,9,1
349,0,19,44,1,1,9,0
350,17,3,45,1,1,9,1
351,35,3,45,1,1,9,1
352,24,22,33,3,0,9,1
353,23,22,33,3,0,9,1
354,21,3,24,2,0,9,1
355,14,18,38,2,0,9,0
356,23,18,38,2,0,9,1
357,39,1,51,0,1,9,1
358,8,4,42,0,1,9,1
359,30,15,40,0,1,9,1
360,42,15,40,0,1,9,1
361,16,15,42,4,1,9,1
362,5,20,29,4,1,9,0
363,15,2,13,4,1,9,1
364,7,3,55,4,1,9,1
365,5,3,55,4,1,9,1
366,40,0,33,6,1,9,1
367,14,6,47,6,1,9,1
368,35,0,12,6,1,9,1
369,34,0,12,6,1,9,1
370,30,16,42,5,1,9,1
371,28,15,30,5,1,9,1
372,31,15,30,5,1,9,1
373,30,18,41,1,1,9,1
374,42,7,27,1,1,9,1
375,2,17,54,1,1,9,0
376,36,17,54,1,1,9,1
377,22,11,28,3,0,9,1
378,29,16,51,3,0,9,1
379,25,1,15,3,0,9,1
380,25,9,2,3,0,9,1
381,20,9,2,3,0,9,1
382,26,17,50,2,0,9,1
383,24,5,1,2,0,9,1
384,0,11,22,2,0,9,0
385,38,19,24,2,0,9,1
386,42,19,24,2,0,9,1
387,40,0,13,0,1,9,1
388,8,10,47,0,1,9,0
389,21,7,17,0,1,9,1
390,21,0,30,0,1,9,1
391,7,0,30,0,1,9,1
392,19,4,46,4,1,9,1
393,14,6,13,4,1,9,1
394,27,6,13,4,1,9,1
395,34,16,6,6,1,9,1
396,45,12,11,6,1,9,1
397,35,12,11,6,1,9,1
398,44,1,29,5,1,9,1
399,44,10,34,5,1,9,1
400,9,10,34,5,1,9,1
401,14,22,1,1,1,9,1
402,3,3,51,1,1,9,1
403,27,3,51,1,1,9,1
404,41,15,54,3,0,9,1
405,42,10,43,3,0,9,1
406,43,10,43,3,0,9,1
407,23,2,26,2,0,9,1
408,14,2,26,2,0,9,1
409,42,9,59,0,1,9,1
410,2,13,38,0,1,9,0
411,10,13,38,0,1,9,0
412,33,14,43,4,1,9,1
413,44,5,55,4,1,9,1
414,4,20,16,4,1,9,0
415,27,17,51,4,1,9,1
416,35,17,51,4,1,9,1
417,9,3,24,6,1,9,1
418,37,10,42,6,1,9,1
419,33,5,13,6,1,9,1
420,45,5,13,6,1,9,1
421,15,21,16,5,1,9,0
422,41,8,59,5,1,9,1
423,3,1,41,5,1,9,1
424,2,0,32,5,1,9,1
425,9,0,32,5,1,9,1
426,13,22,31,1,1,9,1
427,32,5,14,1,1,9,1
428,23,14,4,1,1,9,1
429,3,8,2,1,1,9,0
430,18,8,2,1,1,9,1
431,44,2,49,3,0,9,1
432,43,5,28,3,0,9,1
433,11,5,28,3,0,9,1
434,38,9,24,2,0,9,1
435,15,20,9,2,0,9,0
436,44,11,7,2,0,9,1
437,5,10,24,2,0,9,0
438,12,10,24,2,0,9,0
439,12,4,20,0,1,9,1
440,17,16,12,0,1,9,1
441,32,7,33,0,1,9,1
442,19,7,33,0,1,9,1
443,1,6,55,4,1,9,1
444,14,12,1,4,1,9,0
445,37,2,2,4,1,9,1
446,22,2,2,4,1,9,1
447,13,0,9,6,1,9,1
448,26,3,21,6,1,9,1
449,5,23,17,6,1,9,1
450,21,23,17,6,1,9,1
451,28,5,25,5,1,9,1
452,35,23,44,5,1,9,1
453,45,16,40,5,1,9,1
454,11,16,40,5,1,9,1
455,18,3,42,1,1,9,1
456,21,8,13,1,1,9,1
457,35,8,13,1,1,9,1
458,35,1,58,3,0,9,1
459,0,1,58,3,0,9,1
460,29,5,36,2,0,9,1
461,23,9,49,2,0,9,1
462,13,7,42,2,0,9,1
463,30,13,24,2,0,9,1
464,18,19,54,2,0,9,1
465,7,18,59,2,0,9,0
466,44,18,59,2,0,9,1
467,0,20,34,0,1,9,0
468,18,7,34,0,1,9,1
469,40,7,34,0,1,9,1
470,32,4,57,4,1,9,1
471,7,20,39,4,1,9,0
472,8,22,27,4,1,9,1
473,20,22,27,4,1,9,1
474,11,21,30,6,1,9,0
475,29,4,39,6,1,9,1
476,43,4,39,6,1,9,1
477,22,12,51,5,1,9,1
478,7,19,54,5,1,9,0
479,7,19,54,5,1,9,0
480,24,21,58,1,1,9,1
481,0,12,2,1,1,9,0
482,25,3,6,1,1,9,1
483,41,13,29,1,1,9,1
484,34,13,29,1,1,9,1
485,22,15,14,3,0,9,1
486,31,11,57,3,0,9,1
487,1,22,20,3,0,9,0
488,36,14,49,3,0,9,1
489,10,23,22,3,0,9,0
490,16,17,38,3,0,9,1
491,6,17,38,3,0,9,1
492,16,14,31,2,0,9,1
493,6,6,4,2,0,9,1
494,37,16,44,2,0,9,1
495,39,16,44,2,0,9,1
496,2,2,30,0,1,9,1
497,21,6,2,0,1,9,1
498,28,1,12,0,1,9,1
499,22,1,12,0,1,9,1
500,38,13,50,4,1,9,1
501,5,6,40,4,1,9,1
502,8,12,13,4,1,9,0
503,19,13,23,4,1,9,1
504,7,13,23,4,1,9,1
505,17,16,16,6,1,9,1
506,1,2,7,6,1,9,1
507,23,2,7,6,1,9,1
508,30,2,29,5,1,9,1
509,30,10,31,5,1,9,1
510,45,10,31,5,1,9,1
511,43,22,44,1,1,9,1
512,15,7,21,1,1,9,0
513,4,7,21,1,1,9,0
514,36,13,54,3,0,9,1
515,3,20,22,3,0,9,0
516,43,12,40,3,0,9,1
517,16,23,9,3,0,9,1
518,22,22,58,3,0,9,1
519,25,22,58,3,0,9,1
520,25,14,47,2,0,9,1
521,21,10,24,2,0,9,1
522,6,3,17,2,0,9,1
523,1,2,31,2,0,9,1
524,36,0,53,2,0,9,1
525,1,8,5,2,0,9,1
526,7,8,5,2,0,9,1
527,13,14,31,0,1,9,0
528,39,11,8,0,1,9,1
529,39,9,18,0,1,9,1
530,13,15,27,0,1,9,0
531,13,15,27,0,1,9,0
532,1,20,28,4,0,7,0
533,30,20,28,4,0,7,1
534,22,4,39,6,0,8,1
535,22,22,31,6,0,8,1
536,1,4,33,6,0,8,1
537,6,23,50,6,0,8,0
538,40,23,50,6,0,8,1
539,16,11,42,5,1,9,1
540,11,1,56,5,1,9,1
541,25,11,1,5,1,9,1
542,14,0,9,5,1,9,1
543,23,0,9,5,1,9,1
544,13,12,29,1,1,9,0
545,5,23,45,1,1,9,1
546,30,21,2,1,1,9,1
547,34,21,2,1,1,9,1
548,26,21,45,3,0,9,1
549,8,23,20,3,0,9,0
550,14,6,46,3,0,9,1
551,18,23,22,3,0,9,1
552,16,20,27,3,0,9,1
553,39,20,27,3,0,9,1
554,42,0,19,2,0,9,1
555,45,21,41,2,0,9,1
556,14,20,2,2,0,9,0
557,28,19,4,2,0,9,1
558,23,19,4,2,0,9,1
559,6,17,29,0,1,9,0
560,8,1,49,0,1,9,1
561,17,1,49,0,1,9,1
562,40,14,36,4,0,1,1
563,8,16,12,4,0,1,0
564,23,15,20,4,0,1,1
565,24,3,49,4,0,1,1
566,36,3,49,4,0,1,1
567,38,3,49,6,0,2,1
568,6,9,27,5,1,9,0
569,42,9,6,5,1,9,1
570,12,9,6,5,1,9,1
571,38,14,20,1,1,9,1
572,13,5,56,1,1,9,1
573,0,5,56,1,1,9,1
574,19,0,43,3,0,9,1
575,21,9,39,3,0,9,1
576,19,18,30,3,0,9,1
577,13,8,23,3,0,9,1
578,40,8,23,3,0,9,1
579,27,16,21,2,0,9,1
580,32,7,17,2,0,9,1
581,41,13,47,2,0,9,1
582,15,7,28,2,0,9,1
583,24,7,28,2,0,9,1
584,10,8,43,0,1,9,0
585,6,14,43,0,1,9,0
586,41,15,38,0,1,9,1
587,42,6,37,0,1,9,1
588,1,6,37,0,1,9,1
589,11,16,32,4,1,9,0
590,16,18,22,4,1,9,1
591,2,2,6,4,1,9,1
592,25,21,29,4,1,9,1
593,7,21,29,4,1,9,1
594,17,13,53,6,1,9,1
595,35,13,43,6,1,9,1
596,38,13,43,6,1,9,1
597,25,12,25,5,1,9,1
598,40,7,13,5,1,9,1
599,10,11,24,5,1,9,0
600,17,23,24,5,1,9,1
601,34,23,24,5,1,9,1
602,34,18,3,1,1,9,1
603,6,14,12,1,1,9,0
604,16,14,12,1,1,9,1
605,8,11,4,3,0,9,0
606,42,16,14,3,0,9,1
607,24,15,21,3,0,9,1
608,21,16,51,3,0,9,1
609,7,5,30,3,0,9,1
610,33,4,41,3,0,9,1
611,10,4,41,3,0,9,1
612,34,15,49,2,0,9,1
613,3,15,37,2,0,9,0
614,2,2,45,2,0,9,1
615,15,2,45,2,0,9,1
616,31,16,41,0,1,9,1
617,21,13,51,0,1,9,1
618,17,13,51,0,1,9,1
619,21,21,53,4,1,9,1
620,19,19,10,4,1,9,1
621,24,19,57,4,1,9,1
622,36,19,57,4,1,9,1
623,2,11,49,6,1,9,0
624,18,4,28,6,1,9,1
625,4,10,39,6,1,9,0
626,28,10,39,6,1,9,1
627,41,0,36,5,1,9,1
628,29,23,12,5,1,9,1
629,34,21,59,5,1,9,1
630,36,9,16,5,1,9,1
631,40,9,16,5,1,9,1
632,11,6,17,1,1,9,1
633,39,8,13,1,1,9,1
634,10,21,25,1,1,9,0
635,15,21,25,1,1,9,0
636,9,1,54,3,0,9,1
637,3,11,3,3,0,9,0
638,8,15,6,3,0,9,0
639,34,9,50,3,0,9,1
640,30,15,23,3,0,9,1
641,17,2,53,3,0,9,1
642,12,2,53,3,0,9,1
643,11,15,45,2,0,9,0
644,34,3,43,2,0,9,1
645,31,4,57,2,0,9,1
646,5,13,28,2,0,9,0
647,39,13,28,2,0,9,1
648,2,6,28,0,1,9,1
649,14,7,15,0,1,9,0
650,3,7,15,0,1,9,0
651,42,14,59,4,1,9,1
652,15,20,54,4,1,9,0
653,9,22,12,4,1,9,1
654,29,7,46,4,1,9,1
655,33,7,46,4,1,9,1
656,20,9,26,6,1,9,1
657,16,8,36,6,1,9,1
658,29,4,9,6,1,9,1
659,42,17,16,6,1,9,1
660,42,17,16,6,1,9,1
661,40,2,18,5,1,9,1
662,27,12,12,5,1,9,1
663,21,12,11,5,1,9,1
664,39,12,11,5,1,9,1
665,34,10,17,1,1,9,1
666,4,3,16,1,1,9,1
667,43,17,35,1,1,9,1
668,3,17,35,1,1,9,1
669,33,13,55,3,0,9,1
670,40,22,41,3,0,9,1
671,19,18,28,3,0,9,1
672,8,7,46,3,0,9,1
673,14,0,36,3,0,9,1
674,15,0,36,3,0,9,1
675,4,15,24,2,0,11,0
676,16,3,57,2,0,11,1
677,4,19,18,2,0,11,0
678,34,6,23,2,0,11,1
679,33,0,33,2,0,11,1
680,27,2,37,2,0,11,1
681,29,2,37,2,0,11,1
682,38,22,1,0,1,9,1
683,43,12,15,0,1,9,1
684,5,3,26,0,1,9,1
685,42,15,47,0,1,9,1
686,4,15,47,0,1,9,1
687,43,8,55,4,1,9,1
688,10,2,3,4,1,9,1
689,22,11,58,4,1,9,1
690,10,11,58,4,1,9,1
691,43,19,17,6,1,9,1
692,10,18,51,6,1,9,0
693,39,18,51,6,1,9,1
694,42,14,55,5,1,9,1
695,16,22,36,5,1,9,1
696,43,22,22,5,1,9,1
697,45,0,53,5,1,9,1
698,35,0,53,5,1,9,1
699,34,0,40,1,1,9,1
700,17,5,3,1,1,9,1
701,43,23,6,1,1,9,1
702,0,17,52,1,1,9,0
703,31,17,52,1,1,9,1
704,9,0,45,3,0,9,1
705,29,11,44,3,0,9,1
706,7,5,5,3,0,9,1
707,35,7,22,3,0,9,1
708,26,7,22,3,0,9,1
709,15,2,6,2,0,9,1
710,18,2,6,2,0,9,1
711,18,9,53,0,1,9,1
712,13,18,14,0,1,9,0
713,43,3,41,0,1,9,1
714,15,3,41,0,1,9,1
715,35,17,17,4,1,9,1
716,39,20,0,4,1,9,1
717,35,20,47,4,1,9,1
718,32,20,47,4,1,9,1
719,24,21,52,6,1,9,1
720,14,23,30,6,1,9,1
721,1,1,1,6,1,9,1
722,39,1,1,6,1,9,1
723,27,18,35,5,1,9,1
724,18,0,44,5,1,9,1
725,14,0,44,5,1,9,1
726,44,0,33,1,1,9,1
727,8,0,21,1,1,9,1
728,41,6,37,1,1,9,1
729,31,6,37,1,1,9,1
730,29,2,26,3,0,9,1
731,0,2,26,3,0,9,1
732,2,15,22,2,0,9,0
733,37,15,22,2,0,9,1
734,25,1,12,0,1,9,1
735,21,6,11,0,1,9,1
736,32,9,53,0,1,9,1
737,15,9,53,0,1,9,1
738,21,0,14,4,1,9,1
739,2,14,30,4,1,9,0
740,32,18,28,4,1,9,1
741,6,10,52,4,1,9,0
742,16,10,52,4,1,9,1
743,10,6,23,6,1,9,1
744,36,7,58,6,1,9,1
745,2,7,58,6,1,9,1
746,43,14,37,5,1,9,1
747,27,1,32,5,1,9,1
748,35,7,57,5,1,9,1
749,42,16,52,5,1,9,1
750,0,16,52,5,1,9,1
751,39,14,52,1,1,9,1
752,13,23,29,1,1,9,1
753,28,0,52,1,1,9,1
754,41,0,52,1,1,9,1
755,38,10,5,3,0,9,1
756,23,20,32,3,0,9,1
757,10,20,32,3,0,9,1
758,38,19,53,2,0,9,1
759,11,10,13,2,0,9,0
760,42,10,13,2,0,9,1
761,18,4,24,0,1,9,1
762,45,11,38,0,1,9,1
763,8,3,59,0,1,9,1
764,41,11,1,0,1,9,1
765,40,11,1,0,1,9,1
766,3,18,1,4,1,9,0
767,16,14,24,4,1,9,1
768,29,6,30,4,1,9,1
769,30,17,2,4,1,9,1
770,41,17,2,4,1,9,1
771,36,23,22,6,1,9,1
772,26,12,44,6,1,9,1
773,32,9,17,6,1,9,1
774,23,9,17,6,1,9,1
775,6,0,13,5,1,9,1
776,20,17,44,5,1,9,1
777,8,8,51,5,1,9,0
778,44,8,51,5,1,9,1
779,17,12,56,1,1,9,1
780,6,3,37,1,1,9,1
781,38,4,4,1,1,9,1
782,4,19,55,1,1,9,0
783,19,19,55,1,1,9,1
784,28,7,34,3,0,9,1
785,13,0,34,3,0,9,1
786,11,18,43,3,0,9,0
787,25,20,53,3,0,9,1
788,27,18,1,3,0,9,1
789,44,18,1,3,0,9,1
790,1,23,25,2,0,9,0
791,34,10,51,2,0,9,1
792,9,13,26,2,0,9,0
793,20,3,11,2,0,9,1
794,2,3,11,2,0,9,1
795,1,19,43,0,1,9,0
796,15,14,52,0,1,9,0
797,13,0,26,0,1,9,1
798,26,0,26,0,1,9,1
799,10,18,22,4,1,9,0
800,2,10,32,4,1,9,0
801,26,9,45,4,1,9,1
802,40,9,45,4,1,9,1
803,16,8,55,6,1,9,1
804,2,21,34,6,1,9,0
805,25,2,18,6,1,9,1
806,41,21,8,6,1,9,1
807,30,21,8,6,1,9,1
808,10,12,19,5,1,9,0
809,26,12,24,5,1,9,1
810,29,5,29,5,1,9,1
811,15,5,29,5,1,9,1
812,37,11,6,1,1,9,1
813,28,4,57,1,1,9,1
814,15,22,30,1,1,9,1
815,3,10,9,1,1,9,0
816,28,10,9,1,1,9,1
817,5,22,39,3,0,9,0
818,38,14,45,3,0,9,1
819,4,14,45,3,0,9,1
820,42,9,7,2,0,9,1
821,17,20,53,2,0,9,1
822,14,20,53,2,0,9,1
823,23,2,8,0,1,9,1
824,33,1,6,0,1,9,1
825,28,1,6,0,1,9,1
826,0,22,1,4,1,9,1
827,33,11,24,4,1,9,1
828,21,11,24,4,1,9,1
829,42,14,29,6,1,9,1
830,35,3,4,6,1,9,1
831,16,17,52,6,1,9,1
832,7,10,15,6,1,9,0
833,15,10,15,6,1,9,0
834,20,4,23,5,1,9,1
835,14,23,50,5,1,9,1
836,35,3,18,5,1,9,1
837,27,3,18,5,1,9,1
838,29,3,31,1,1,9,1
839,14,22,47,1,1,9,1
840,37,11,4,1,1,9,1
841,40,23,20,1,1,9,1
842,39,23,20,1,1,9,1
843,45,23,24,3,0,9,1
844,9,8,14,3,0,9,1
845,13,7,28,3,0,9,1
846,4,4,18,3,0,9,1
847,20,4,35,3,0,9,1
848,27,15,17,3,0,9,1
849,29,15,17,3,0,9,1
850,27,14,39,2,0,9,1
851,20,13,29,2,0,9,1
852,15,1,5,2,0,9,1
853,28,18,55,2,0,9,1
854,3,18,55,2,0,9,1
855,27,0,52,0,1,9,1
856,30,8,50,0,1,9,1
857,38,7,27,0,1,9,1
858,8,7,27,0,1,9,1
859,45,20,3,4,1,9,1
860,5,6,19,4,1,9,1
861,14,16,15,4,1,9,0
862,4,14,25,4,1,9,0
863,36,14,25,4,1,9,1
864,34,20,4,6,1,9,1
865,16,19,36,6,1,9,1
866,11,19,36,6,1,9,1
867,11,22,54,5,1,9,1
868,17,10,14,5,1,9,1
869,8,10,14,5,1,9,1
870,20,1,12,1,1,9,1
871,21,13,56,1,1,9,1
872,36,19,22,1,1,9,1
873,23,6,7,1,1,9,1
874,6,6,7,1,1,9,1
875,35,15,54,3,0,9,1
876,41,21,34,3,0,9,1
877,16,1,26,3,0,9,1
878,25,6,2,3,0,9,1
879,13,1,21,3,0,9,1
880,20,1,21,3,0,9,1
881,31,6,27,2,0,9,1
882,41,0,50,2,0,9,1
883,29,12,38,2,0,9,1
884,26,2,33,2,0,9,1
885,14,12,40,2,0,9,0
886,3,12,40,2,0,9,0
887,40,21,16,0,1,9,1
888,7,8,6,0,1,9,0
889,0,8,6,0,1,9,0
890,13,14,11,4,1,9,0
891,40,9,21,4,1,9,1
892,20,20,11,4,1,9,1
893,39,10,56,4,1,9,1
894,43,10,56,4,1,9,1
895,34,13,22,6,1,9,1
896,21,19,32,6,1,9,1
897,16,19,32,6,1,9,1
898,12,9,13,5,1,9,0
899,23,0,44,5,1,9,1
900,9,0,44,5,1,9,1
901,9,7,14,1,1,9,0
902,12,3,31,1,1,9,1
903,1,16,51,1,1,9,0
904,6,20,35,1,1,9,0
905,10,20,35,1,1,9,0
906,9,16,39,3,0,9,0
907,38,16,39,3,0,9,1
908,9,1,57,2,0,9,1
909,18,13,36,2,0,9,1
910,10,6,37,2,0,9,1
911,40,2,27,2,0,9,1
912,40,5,48,2,0,9,1
913,17,10,44,2,0,9,1
914,40,10,44,2,0,9,1
915,31,14,45,0,1,9,1
916,23,19,38,0,1,9,1
917,18,19,38,0,1,9,1
918,5,5,19,4,1,9,1
919,21,21,52,4,1,9,1
920,45,13,16,4,1,9,1
921,37,3,39,4,1,9,1
922,40,3,39,4,1,9,1
923,5,13,42,6,1,9,0
924,5,14,18,6,1,9,0
925,38,14,18,6,1,9,1
926,26,16,21,5,1,9,1
927,0,15,33,5,1,9,0
928,37,15,33,5,1,9,1
929,15,12,59,1,1,9,0
930,3,20,7,1,1,9,0
931,34,20,7,1,1,9,1
932,18,17,15,3,0,9,1
933,31,3,53,3,0,9,1
934,43,2,47,3,0,9,1
935,44,2,47,3,0,9,1
936,18,3,1,2,0,9,1
937,17,3,1,2,0,9,1
938,1,22,18,0,1,9,1
939,16,16,49,0,1,9,1
940,18,3,48,0,1,9,1
941,36,4,33,0,1,9,1
942,11,4,33,0,1,9,1
943,25,1,19,4,1,9,1
944,41,7,21,4,1,9,1
945,16,2,54,4,1,9,1
946,1,0,9,4,1,9,1
947,30,0,9,4,1,9,1
948,32,5,44,6,1,9,1
949,13,15,6,6,1,9,0
950,25,15,6,6,1,9,1
951,23,14,0,5,1,9,1
952,45,17,6,5,1,9,1
953,14,3,13,5,1,9,1
954,7,3,13,5,1,9,1
955,25,10,3,1,1,9,1
956,3,18,56,1,1,9,0
957,10,8,24,1,1,9,0
958,30,8,24,1,1,9,1
959,33,10,50,3,0,9,1
960,0,14,0,3,0,9,0
961,1,18,3,3,0,9,0
962,5,6,35,3,0,9,1
963,15,6,35,3,0,9,1
964,0,19,14,2,0,9,0
965,45,10,10,2,0,9,1
966,10,22,34,2,0,9,0
967,13,0,38,2,0,9,1
968,15,17,12,2,0,9,0
969,7,17,12,2,0,9,0
970,33,8,44,0,1,9,1
971,18,5,53,0,1,9,1
972,28,5,53,0,1,9,1
973,42,19,49,4,1,9,1
974,8,11,5,4,1,9,0
975,21,22,47,4,1,9,1
976,29,1,39,4,1,9,1
977,23,1,39,4,1,9,1
978,34,10,44,6,1,9,1
979,27,19,48,6,1,9,1
980,20,1,2,6,1,9,1
981,45,14,59,6,1,9,1
982,16,14,59,6,1,9,1
983,15,17,20,5,1,9,0
984,16,1,28,5,1,9,1
985,44,9,54,5,1,9,1
986,18,9,54,5,1,9,1
987,21,9,16,1,1,9,1
988,29,18,28,1,1,9,1
989,32,6,51,1,1,9,1
990,5,10,0,1,1,9,0
991,18,10,0,1,1,9,1
992,7,23,25,3,0,9,0
993,8,23,25,3,0,9,0
994,43,17,39,2,0,9,1
995,17,16,21,2,0,9,1
996,8,6,55,2,0,9,1
997,14,23,25,2,0,9,0
998,11,23,25,2,0,9,0
999,3,5,5,0,1,9,1
1000,14,21,45,0,1,9,0
1001,7,21,6,0,1,9,0
1002,28,21,6,0,1,9,1
1003,38,6,8,4,1,9,1
1004,36,9,19,4,1,9,1
1005,24,8,4,4,1,9,1
1006,8,4,53,4,1,9,1
1007,36,4,53,4,1,9,1
1008,3,11,51,6,1,9,0
1009,39,17,50,6,1,9,1
1010,6,5,34,6,1,9,1
1011,41,16,52,6,1,9,1
1012,36,16,52,6,1,9,1
1013,35,7,32,5,1,9,1
1014,6,12,52,5,1,9,0
1015,14,12,52,5,1,9,0
1016,45,19,49,1,1,9,1
1017,13,4,20,1,1,9,1
1018,42,4,20,1,1,9,1
1019,32,2,56,3,0,9,1
1020,26,8,55,3,0,9,1
1021,8,16,20,3,0,9,0
1022,5,23,54,3,0,9,0
1023,8,12,13,3,0,9,0
1024,31,12,13,3,0,9,1
1025,14,11,19,2,0,9,0
1026,27,12,58,2,0,9,1
1027,21,12,58,2,0,9,1
1028,17,7,43,0,1,9,1
1029,0,20,11,0,1,9,0
1030,18,19,31,0,1,9,1
1031,32,19,31,0,1,9,1
1032,8,4,33,4,1,9,1
1033,33,1,16,4,1,9,1
1034,34,1,16,4,1,9,1
1035,3,1,22,6,1,9,1
1036,1,19,11,6,1,9,0
1037,20,7,48,6,1,9,1
1038,41,7,48,6,1,9,1
1039,12,5,21,5,1,9,1
1040,34,2,5,5,1,9,1
1041,31,2,5,5,1,9,1
1042,40,6,49,1,1,9,1
1043,3,19,19,1,1,9,0
1044,37,17,43,1,1,9,1
1045,33,17,43,1,1,9,1
1046,2,0,20,3,0,9,1
1047,33,0,20,3,0,9,1
1048,7,11,20,2,0,9,0
1049,14,11,20,2,0,9,0
1050,13,16,17,0,1,9,0
1051,3,21,32,0,1,9,0
1052,3,21,32,0,1,9,0
1053,24,4,26,4,1,9,1
1054,40,19,12,4,1,9,1
1055,9,5,35,4,1,9,1
1056,21,15,24,4,1,9,1
1057,23,15,24,4,1,9,1
1058,39,0,52,6,1,9,1
1059,28,3,38,6,1,9,1
1060,10,0,17,6,1,9,1
1061,6,0,17,6,1,9,1
1062,16,13,58,5,1,9,1
1063,13,23,0,5,1,9,1
1064,19,15,36,5,1,9,1
1065,15,15,36,5,1,9,1
1066,35,0,57,1,0,5,1
1067,8,4,38,1,0,5,1
1068,28,10,29,1,0,5,1
1069,29,10,29,1,0,5,1
1070,35,22,4,3,0,9,1
1071,23,7,46,3,0,9,1
1072,36,5,12,3,0,9,1
1073,3,5,9,3,0,9,1
1074,22,23,46,3,0,9,1
1075,18,23,46,3,0,9,1
1076,23,2,48,2,0,9,1
1077,45,10,49,2,0,9,1
1078,28,8,31,2,0,9,1
1079,16,14,48,2,0,9,1
1080,26,5,2,2,0,9,1
1081,20,5,2,2,0,9,1
1082,5,19,57,0,1,9,0
1083,7,11,51,0,1,9,0
1084,45,7,10,0,1,9,1
1085,21,2,5,0,1,9,1
1086,10,2,5,0,1,9,1
1087,41,6,34,4,1,9,1
1088,38,9,26,4,1,9,1
1089,10,22,7,4,1,9,1
1090,11,22,7,4,1,9,1
1091,22,14,20,6,1,9,1
1092,17,5,10,6,1,9,1
1093,38,19,1,6,1,9,1
1094,8,19,15,6,1,9,0
1095,32,19,15,6,1,9,1
1096,8,18,7,5,1,9,0
1097,40,15,40,5,1,9,1
1098,31,2,40,5,1,9,1
1099,45,21,43,5,1,9,1
1100,2,21,43,5,1,9,1
1101,1,9,46,1,1,9,0
1102,6,0,50,1,1,9,1
1103,3,6,13,1,1,9,1
1104,45,6,13,1,1,9,1
1105,34,16,51,3,0,9,1
1106,7,16,51,3,0,9,1
1107,31,16,51,2,0,9,1
1108,1,3,31,0,1,9,1
1109,4,8,53,0,1,9,0
1110,12,5,22,0,1,9,1
1111,6,5,22,0,1,9,1
1112,7,18,14,4,1,9,0
1113,3,17,54,4,1,9,0
1114,25,17,54,4,1,9,1
1115,26,23,55,6,1,9,1
1116,5,6,36,6,1,9,1
1117,31,8,27,6,1,9,1
1118,45,8,27,6,1,9,1
1119,24,16,4,5,1,9,1
1120,23,8,37,5,1,9,1
1121,24,8,6,5,1,9,1
1122,24,6,6,5,1,9,1
1123,32,6,6,5,1,9,1
1124,15,13,22,1,1,9,0
1125,36,13,59,1,1,9,1
1126,33,5,31,1,1,9,1
1127,40,5,31,1,1,9,1
1128,23,7,28,3,0,9,1
1129,39,19,57,3,0,9,1
1130,30,19,57,3,0,9,1
1131,5,12,7,2,0,9,0
1132,22,7,16,2,0,9,1
1133,12,7,16,2,0,9,1
1134,11,17,21,0,1,9,0
1135,15,18,47,0,1,9,0
1136,5,10,8,0,1,9,0
1137,31,10,8,0,1,9,1
1138,20,3,22,4,1,9,1
1139,5,18,29,4,1,9,0
1140,25,18,29,4,1,9,1
1141,40,16,12,6,1,9,1
1142,33,0,45,6,1,9,1
1143,14,13,42,6,1,9,0
1144,32,9,5,6,1,9,1
1145,26,9,5,6,1,9,1
1146,9,10,44,5,1,9,0
1147,1,17,18,5,1,9,0
1148,15,11,2,5,1,9,0
1149,27,0,39,5,1,9,1
1150,13,0,39,5,1,9,1
1151,8,17,25,1,0,14,0
1152,40,8,59,1,0,14,1
1153,4,9,8,1,0,14,0
1154,21,2,38,1,0,14,1
1155,36,11,0,1,0,14,1
1156,1,11,0,1,0,14,1
1157,39,8,23,3,0,9,1
1158,6,3,15,3,0,9,1
1159,39,18,35,3,0,9,1
1160,42,14,52,3,0,9,1
1161,29,14,52,3,0,9,1
1162,12,14,52,2,0,9,1
1163,32,8,54,0,1,9,1
1164,43,4,55,0,1,9,1
1165,41,22,19,0,1,9,1
1166,14,13,27,0,1,9,0
1167,5,13,27,0,1,9,0
1168,35,5,26,4,1,9,1
1169,17,23,4,4,1,9,1
1170,12,23,4,4,1,9,1
1171,41,2,44,6,1,9,1
1172,22,13,56,6,1,9,1
1173,39,13,56,6,1,9,1
1174,28,15,52,5,1,9,1
1175,9,8,9,5,1,9,0
1176,6,8,9,5,1,9,0
1177,41,5,10,1,1,9,1
1178,33,19,15,1,1,9,1
1179,31,9,5,1,1,9,1
1180,35,9,5,1,1,9,1
1181,7,9,5,3,0,9,1
1182,0,4,44,2,0,9,1
1183,37,15,7,2,0,9,1
1184,12,6,14,2,0,9,1
1185,20,1,50,2,0,9,1
1186,17,18,5,2,0,9,1
1187,30,18,5,2,0,9,1
1188,6,10,33,0,1,9,0
1189,39,15,24,0,1,9,1
1190,14,15,24,0,1,9,1
1191,35,19,31,4,1,9,1
1192,12,16,1,4,1,9,0
1193,1,23,34,4,1,9,1
1194,33,14,23,4,1,9,1
1195,12,14,23,4,1,9,1
1196,19,8,56,6,1,9,1
1197,37,18,57,6,1,9,1
1198,31,18,57,6,1,9,1
1199,23,19,23,5,1,9,1
1200,19,3,0,5,1,9,1
1201,19,3,0,5,1,9,1
1202,35,6,6,1,1,9,1
1203,44,7,43,1,1,9,1
1204,33,7,43,1,1,9,1
1205,36,6,47,3,0,9,1
1206,15,13,25,3,0,9,0
1207,45,9,18,3,0,9,1
1208,37,9,18,3,0,9,1
1209,23,9,18,2,0,9,1
1210,40,20,23,0,1,9,1
1211,5,10,47,0,1,9,0
1212,35,1,55,0,1,9,1
1213,41,6,1,0,1,9,1
1214,12,6,1,0,1,9,1
1215,0,17,7,4,1,9,0
1216,36,12,28,4,1,9,1
1217,31,15,19,4,1,9,1
1218,42,9,39,4,1,9,1
1219,28,9,39,4,1,9,1
1220,25,14,12,6,1,9,1
1221,18,19,26,6,1,9,1
1222,40,14,6,6,1,9,1
1223,14,14,6,6,1,9,1
1224,32,17,56,5,1,9,1
1225,40,20,47,5,1,9,1
1226,12,5,29,5,1,9,1
1227,4,5,29,5,1,9,1
1228,42,11,20,1,1,9,1
1229,26,20,8,1,1,9,1
1230,5,10,24,1,1,9,0
1231,2,15,19,1,1,9,0
1232,40,15,19,1,1,9,1
1233,44,3,14,3,0,9,1
1234,20,16,32,3,0,9,1
1235,39,8,32,3,0,9,1
1236,32,16,42,3,0,9,1
1237,35,16,42,3,0,9,1
1238,42,16,42,2,0,9,1
1239,24,19,37,0,0,0,1
1240,6,9,8,0,0,0,0
1241,29,16,30,0,0,0,1
1242,23,16,30,0,0,0,1
1243,26,9,15,4,1,9,1
1244,2,12,30,4,1,9,0
1245,21,13,39,4,1,9,1
1246,33,15,24,4,1,9,1
1247,30,15,24,4,1,9,1
1248,29,18,3,6,1,9,1
1249,5,5,56,6,1,9,1
1250,8,5,56,6,1,9,1
1251,10,3,26,5,1,9,1
1252,42,8,44,5,1,9,1
1253,10,8,44,5,1,9,1
1254,40,3,13,1,1,9,1
1255,14,7,49,1,1,9,0
1256,10,7,49,1,1,9,0
1257,25,18,20,3,0,9,1
1258,24,1,21,3,0,9,1
1259,8,1,21,3,0,9,1
1260,2,8,24,2,0,9,1
1261,45,11,24,2,0,9,1
1262,37,14,1,2,0,9,1
1263,40,14,1,2,0,9,1
1264,30,21,9,0,1,9,1
1265,13,9,32,0,1,9,0
1266,41,9,32,0,1,9,1
1267,16,10,5,4,1,9,1
1268,32,11,19,4,1,9,1
1269,45,18,25,4,1,9,1
1270,0,18,25,4,1,9,1
1271,33,4,39,6,1,9,1
1272,12,13,38,6,1,9,0
1273,9,18,13,6,1,9,0
1274,20,13,46,6,1,9,1
1275,23,13,46,6,1,9,1
1276,1,16,12,5,1,9,0
1277,8,19,33,5,1,9,0
1278,39,19,33,5,1,9,1
1279,10,6,52,1,1,9,1
1280,18,6,9,1,1,9,1
1281,45,6,9,1,1,9,1
1282,9,18,45,3,0,9,0
1283,27,12,20,3,0,9,1
1284,15,2,15,3,0,9,1
1285,8,2,15,3,0,9,1
1286,22,8,49,2,0,9,1
1287,43,20,30,2,0,9,1
1288,19,11,39,2,0,9,1
1289,3,21,17,2,0,9,0
1290,5,21,17,2,0,9,0
1291,42,19,49,0,1,9,1
1292,12,23,29,0,1,9,1
1293,15,23,29,0,1,9,1
1294,9,22,18,4,1,9,1
1295,44,12,26,4,1,9,1
1296,31,23,43,4,1,9,1
1297,3,23,43,4,1,9,1
1298,44,13,33,6,1,9,1
1299,12,15,33,6,1,9,0
1300,44,12,46,6,1,9,1
1301,24,9,57,6,1,9,1
1302,22,9,57,6,1,9,1
1303,39,12,47,5,1,9,1
1304,26,13,38,5,1,9,1
1305,5,13,38,5,1,9,1
1306,26,1,34,1,1,9,1
1307,0,14,3,1,1,9,0
1308,41,1,52,1,1,9,1
1309,40,1,52,1,1,9,1
1310,13,12,21,3,0,9,0
1311,0,1,52,3,0,9,1
1312,11,1,52,3,0,9,1
1313,9,3,31,2,0,9,1
1314,13,7,56,2,0,9,1
1315,15,21,24,2,0,9,0
1316,4,12,28,2,0,9,0
1317,17,19,49,2,0,9,1
1318,26,19,49,2,0,9,1
1319,35,16,40,0,1,9,1
1320,10,23,17,0,1,9,1
1321,13,11,28,0,1,9,0
1322,34,11,28,0,1,9,1
1323,31,19,34,4,1,9,1
1324,42,16,32,4,1,9,1
1325,7,20,26,4,1,9,0
1326,14,20,26,4,1,9,0
1327,32,21,58,6,1,9,1
1328,11,17,57,6,1,9,0
1329,40,17,57,6,1,9,1
1330,13,9,17,5,1,9,0
1331,25,20,30,5,1,9,1
1332,41,20,30,5,1,9,1
1333,34,19,43,1,1,9,1
1334,4,15,2,1,1,9,0
1335,44,7,12,1,1,9,1
1336,13,11,9,1,1,9,0
1337,38,11,9,1,1,9,1
1338,17,11,13,3,0,9,1
1339,36,14,17,3,0,9,1
1340,19,14,17,3,0,9,1
1341,28,13,10,2,0,9,1
1342,32,22,6,2,0,9,1
1343,22,1,54,2,0,9,1
1344,42,1,54,2,0,9,1
1345,41,5,24,0,1,9,1
1346,19,23,46,0,1,9,1
1347,24,23,46,0,1,9,1
1348,11,12,58,4,1,9,0
1349,10,18,49,4,1,9,0
1350,21,18,49,4,1,9,1
1351,45,19,54,6,1,9,1
1352,43,11,57,6,1,9,1
1353,14,8,27,6,1,9,0
1354,12,9,59,6,1,9,0
1355,43,9,59,6,1,9,1
1356,11,6,14,5,1,9,1
1357,32,15,28,5,1,9,1
1358,39,15,28,5,1,9,1
1359,17,16,30,1,1,9,1
1360,14,22,0,1,1,9,1
1361,41,6,56,1,1,9,1
1362,38,6,56,1,1,9,1
1363,8,6,56,3,0,9,1
1364,14,19,39,2,0,9,0
1365,11,15,25,2,0,9,0
1366,12,15,25,2,0,9,0
1367,26,16,0,0,1,9,1
1368,20,16,10,0,1,9,1
1369,41,16,10,0,1,9,1
1370,27,0,45,4,1,9,1
1371,17,10,42,4,1,9,1
1372,28,10,41,4,1,9,1
1373,14,10,41,4,1,9,1
1374,7,22,2,6,1,9,1
1375,8,7,12,6,1,9,0
1376,25,12,52,6,1,9,1
1377,18,6,40,6,1,9,1
1378,22,6,40,6,1,9,1
1379,19,18,24,5,1,9,1
1380,25,7,34,5,1,9,1
1381,16,3,31,5,1,9,1
1382,32,6,42,5,1,9,1
1383,12,6,42,5,1,9,1
1384,18,1,6,1,1,9,1
1385,21,18,1,1,1,9,1
1386,10,18,1,1,1,9,1
1387,37,23,11,3,0,9,1
1388,23,7,22,3,0,9,1
1389,37,7,11,3,0,9,1
1390,0,14,11,3,0,9,0
1391,42,21,41,3,0,9,1
1392,40,21,41,3,0,9,1
1393,16,22,50,2,0,9,1
1394,28,22,50,2,0,9,1
1395,6,16,24,0,1,9,0
1396,24,2,52,0,1,9,1
1397,5,20,5,0,1,9,0
1398,40,20,5,0,1,9,1
1399,33,15,22,4,1,9,1
1400,22,1,10,4,1,9,1
1401,21,2,19,4,1,9,1
1402,31,2,19,4,1,9,1
1403,41,4,42,6,1,9,1
1404,45,15,34,6,1,9,1
1405,5,4,5,6,1,9,1
1406,0,4,18,6,1,9,1
1407,40,4,18,6,1,9,1
1408,40,8,52,5,1,9,1
1409,1,0,42,5,1,9,1
1410,2,18,7,5,1,9,0
1411,34,21,23,5,1,9,1
1412,26,21,23,5,1,9,1
1413,9,7,26,1,0,10,1
1414,6,7,26,1,0,10,1
1415,20,11,2,3,0,9,1
1416,17,11,2,3,0,9,1
1417,27,19,27,2,0,9,1
1418,18,22,35,2,0,9,1
1419,10,17,35,2,0,9,0
1420,21,18,52,2,0,9,1
1421,1,18,52,2,0,9,1
1422,18,0,17,0,1,9,1
1423,40,0,5,0,1,9,1
1424,4,17,47,0,1,9,0
1425,36,20,9,0,1,9,1
1426,11,20,9,0,1,9,1
1427,41,7,0,4,1,9,1
1428,22,11,46,4,1,9,1
1429,37,22,59,4,1,9,1
1430,24,10,28,4,1,9,1
1431,23,10,28,4,1,9,1
1432,42,0,52,6,1,9,1
1433,23,3,40,6,1,9,1
1434,40,14,41,6,1,9,1
1435,41,18,37,6,1,9,1
1436,27,18,37,6,1,9,1
1437,5,14,24,5,1,9,0
1438,45,20,40,5,1,9,1
1439,22,19,20,5,1,9,1
1440,30,19,20,5,1,9,1
1441,15,11,56,1,1,9,0
1442,0,19,32,1,1,9,0
1443,23,12,16,1,1,9,1
1444,25,12,16,1,1,9,1
1445,3,16,48,3,0,9,0
1446,30,23,31,3,0,9,1
1447,8,23,31,3,0,9,1
1448,9,23,31,2,0,9,1
1449,8,13,55,0,1,9,0
1450,29,10,39,0,1,9,1
1451,33,10,39,0,1,9,1
1452,26,7,39,4,1,9,1
1453,28,3,50,4,1,9,1
1454,16,8,2,4,1,9,1
1455,4,8,2,4,1,9,1
1456,1,11,51,6,1,9,0
1457,12,4,27,6,1,9,1
1458,38,22,36,6,1,9,1
1459,24,22,36,6,1,9,1
1460,6,9,58,5,1,9,0
1461,34,2,59,5,1,9,1
1462,22,2,59,5,1,9,1
1463,39,23,50,1,1,9,1
1464,29,3,26,1,1,9,1
1465,37,8,24,1,1,9,1
1466,42,4,26,1,1,9,1
1467,28,4,26,1,1,9,1
1468,16,10,7,3,0,9,1
1469,43,18,31,3,0,9,1
1470,39,11,53,3,0,9,1
1471,7,9,28,3,0,9,0
1472,4,11,16,3,0,9,0
1473,20,8,35,3,0,9,1
1474,10,8,35,3,0,9,1
1475,18,18,54,2,0,9,1
1476,17,1,9,2,0,9,1
1477,30,0,19,2,0,9,1
1478,18,0,19,2,0,9,1
1479,27,23,58,0,1,9,1
1480,40,14,50,0,1,9,1
1481,32,14,50,0,1,9,1
1482,3,18,14,4,1,9,0
1483,5,17,12,4,1,9,0
1484,40,22,23,4,1,9,1
1485,21,22,23,4,1,9,1
1486,27,17,5,6,1,9,1
1487,40,18,3,6,1,9,1
1488,7,18,3,6,1,9,1
1489,14,16,15,5,1,9,0
1490,33,3,50,5,1,9,1
1491,26,15,7,5,1,9,1
1492,32,10,12,5,1,9,1
1493,30,10,12,5,1,9,1
1494,10,4,39,1,0,6,1
1495,4,16,35,1,0,6,0
1496,20,2,53,1,0,6,1
1497,26,18,1,1,0,6,1
1498,33,3,22,1,0,6,1
1499,39,3,22,1,0,6,1
1500,22,13,14,3,0,9,1
1501,6,13,14,3,0,9,1
1502,40,14,35,2,0,9,1
1503,25,14,35,2,0,9,1
1504,15,1,39,0,1,9,1
1505,20,7,52,0,1,9,1
1506,24,7,52,0,1,9,1
1507,35,11,22,4,1,9,1
1508,34,18,27,4,1,9,1
1509,3,3,39,4,1,9,1
1510,1,8,14,4,1,9,0
1511,13,8,14,4,1,9,0
1512,12,20,30,6,1,9,0
1513,1,14,57,6,1,9,0
1514,41,14,57,6,1,9,1
1515,7,16,13,5,1,9,0
1516,16,19,24,5,1,9,1
1517,36,19,24,5,1,9,1
1518,21,20,34,1,1,9,1
1519,4,18,13,1,1,9,0
1520,27,18,13,1,1,9,1
1521,6,7,56,3,0,9,1
1522,10,9,37,3,0,9,0
1523,5,22,22,3,0,9,0
1524,42,22,22,3,0,9,1
1525,17,23,45,2,0,9,1
1526,37,17,38,2,0,9,1
1527,37,7,13,2,0,9,1
1528,1,7,49,2,0,9,1
1529,34,7,49,2,0,9,1
1530,29,15,7,0,1,9,1
1531,42,0,19,0,1,9,1
1532,29,17,21,0,1,9,1
1533,14,9,54,0,1,9,0
1534,9,9,54,0,1,9,0
1535,11,4,35,4,1,9,1
1536,18,23,8,4,1,9,1
1537,18,10,52,4,1,9,1
1538,7,10,52,4,1,9,1
1539,23,8,12,6,1,9,1
1540,16,5,35,6,1,9,1
1541,6,0,1,6,1,9,1
1542,45,8,14,6,1,9,1
1543,29,8,14,6,1,9,1
1544,23,22,39,5,1,9,1
1545,3,13,57,5,1,9,0
1546,45,13,57,5,1,9,1
1547,24,0,22,1,0,3,1
1548,25,0,22,1,0,3,1
1549,12,8,45,3,0,9,1
1550,9,8,45,3,0,9,1
1551,28,15,46,2,0,9,1
1552,25,18,53,2,0,9,1
1553,25,15,23,2,0,9,1
1554,27,5,18,2,0,9,1
1555,30,2,23,2,0,9,1
1556,39,20,0,2,0,9,1
1557,44,20,0,2,0,9,1
1558,7,0,53,0,0,4,1
1559,28,1,35,0,0,4,1
1560,40,11,10,0,0,4,1
1561,41,11,10,0,0,4,1
1562,16,8,58,4,1,9,1
1563,29,7,40,4,1,9,1
1564,18,15,45,4,1,9,1
1565,42,16,3,4,1,9,1
1566,42,16,3,4,1,9,1
1567,42,11,16,6,1,9,1
1568,21,20,27,6,1,9,1
1569,35,14,3,6,1,9,1
1570,35,14,3,6,1,9,1
1571,5,2,9,5,1,9,1
1572,13,8,44,5,1,9,0
1573,22,15,5,5,1,9,1
1574,40,19,32,5,1,9,1
1575,30,19,32,5,1,9,1
1576,26,8,58,1,1,9,1
1577,15,7,11,1,1,9,0
1578,8,11,30,1,1,9,0
1579,38,21,30,1,1,9,1
1580,32,21,30,1,1,9,1
1581,5,1,19,3,0,9,1
1582,23,21,40,3,0,9,1
1583,32,12,41,3,0,9,1
1584,24,12,41,3,0,9,1
1585,24,1,22,2,0,9,1
1586,6,12,8,2,0,9,0
1587,37,22,41,2,0,9,1
1588,18,3,53,2,0,9,1
1589,0,1,5,2,0,9,1
1590,14,8,28,2,0,9,1
1591,21,8,28,2,0,9,1
1592,35,15,14,0,1,9,1
1593,8,3,1,0,1,9,1
1594,27,15,59,0,1,9,1
1595,10,20,22,0,1,9,0
1596,37,20,22,0,1,9,1
1597,24,3,10,4,1,9,1
1598,22,23,48,4,1,9,1
1599,40,23,48,4,1,9,1
1600,33,15,43,6,1,9,1
1601,44,13,11,6,1,9,1
1602,6,10,22,6,1,9,0
1603,38,6,38,6,1,9,1
1604,30,6,38,6,1,9,1
1605,20,19,25,5,1,9,1
1606,29,15,54,5,1,9,1
1607,30,1,33,5,1,9,1
1608,23,1,33,5,1,9,1
1609,41,21,21,1,1,9,1
1610,23,7,37,1,1,9,1
1611,43,7,37,1,1,9,1
1612,21,19,24,3,0,9,1
1613,37,19,24,3,0,9,1
1614,27,3,17,2,0,9,1
1615,9,17,12,2,0,9,0
1616,18,16,27,2,0,9,1
1617,0,0,23,2,0,9,1
1618,1,18,32,2,0,9,0
1619,9,18,32,2,0,9,0
1620,15,15,28,0,1,9,0
1621,0,12,20,0,1,9,0
1622,33,3,46,0,1,9,1
1623,25,0,50,0,1,9,1
1624,41,0,50,0,1,9,1
1625,9,11,17,4,1,9,0
1626,33,11,10,4,1,9,1
1627,19,11,10,4,1,9,1
1628,40,21,39,6,1,9,1
1629,5,5,47,6,1,9,1
1630,8,3,46,6,1,9,1
1631,33,11,14,6,1,9,1
1632,31,11,14,6,1,9,1
1633,42,10,46,5,1,9,1
1634,45,19,53,5,1,9,1
1635,9,19,53,5,1,9,1
1636,10,13,9,1,1,9,0
1637,44,23,57,1,1,9,1
1638,31,7,24,1,1,9,1
1639,21,21,27,1,1,9,1
1640,17,21,27,1,1,9,1
1641,43,22,35,3,0,9,1
1642,7,22,35,3,0,9,1
1643,17,21,27,2,0,9,1
1644,13,21,15,2,0,9,0
1645,41,19,3,2,0,9,1
1646,6,18,0,2,0,9,0
1647,0,5,15,2,0,9,1
1648,13,5,15,2,0,9,1
1649,18,11,22,0,1,9,1
1650,9,4,13,0,1,9,1
1651,22,22,5,0,1,9,1
1652,40,23,53,0,1,9,1
1653,43,23,53,0,1,9,1
1654,15,21,44,4,1,9,0
1655,33,18,43,4,1,9,1
1656,40,18,43,4,1,9,1
1657,8,10,34,6,1,9,0
1658,39,20,23,6,1,9,1
1659,27,22,54,6,1,9,1
1660,33,4,1,6,1,9,1
1661,10,4,1,6,1,9,1
1662,42,3,32,5,1,9,1
1663,20,11,52,5,1,9,1
1664,23,11,52,5,1,9,1
1665,6,0,25,1,1,9,1
1666,1,13,1,1,1,9,0
1667,10,13,1,1,1,9,0
1668,35,3,12,3,0,9,1
1669,4,22,38,3,0,9,0
1670,15,7,12,3,0,9,1
1671,10,18,24,3,0,9,0
1672,14,4,53,3,0,9,1
1673,15,3,19,3,0,9,1
1674,30,3,19,3,0,9,1
1675,4,3,19,2,0,9,1
1676,27,2,44,0,1,9,1
1677,38,10,24,0,1,9,1
1678,41,10,24,0,1,9,1
1679,32,9,40,4,1,9,1
1680,45,11,3,4,1,9,1
1681,4,4,8,4,1,9,1
1682,19,4,8,4,1,9,1
1683,30,17,34,6,1,9,1
1684,7,22,17,6,1,9,1
1685,29,16,17,6,1,9,1
1686,4,21,56,6,1,9,0
1687,26,21,56,6,1,9,1
1688,19,10,52,5,1,9,1
1689,7,11,13,5,1,9,0
1690,6,6,42,5,1,9,1
1691,43,2,43,5,1,9,1
1692,16,2,43,5,1,9,1
1693,16,8,46,1,0,13,1
1694,34,5,14,1,0,13,1
1695,37,18,54,1,0,13,1
1696,34,14,6,1,0,13,1
1697,15,14,6,1,0,13,1
1698,13,14,6,3,0,12,1
1699,39,14,6,2,0,9,1
1700,43,2,44,0,1,9,1
1701,35,23,14,0,1,9,1
1702,22,8,15,0,1,9,1
1703,39,3,8,0,1,9,1
1704,35,3,8,0,1,9,1
1705,5,0,15,4,1,9,1
1706,32,1,24,4,1,9,1
1707,39,1,24,4,1,9,1
1708,2,5,43,6,1,9,1
1709,21,13,37,6,1,9,1
1710,4,16,39,6,1,9,0
1711,41,16,39,6,1,9,1
1712,22,8,59,5,1,9,1
1713,5,19,19,5,1,9,0
1714,12,7,14,5,1,9,0
1715,32,7,14,5,1,9,1
1716,0,12,4,1,1,9,0
1717,0,4,3,1,1,9,1
1718,7,10,28,1,1,9,0
1719,24,10,28,1,1,9,1
1720,4,10,28,3,0,9,1
1721,28,16,3,2,0,9,1
1722,42,13,9,2,0,9,1
1723,11,10,2,2,0,9,0
1724,41,10,2,2,0,9,1
1725,27,16,54,0,1,9,1
1726,14,18,11,0,1,9,0
1727,2,14,39,0,1,9,0
1728,11,14,39,0,1,9,0
1729,16,16,26,4,1,9,1
1730,39,7,10,4,1,9,1
1731,7,7,10,4,1,9,1
1732,32,21,29,6,1,9,1
1733,44,3,1,6,1,9,1
1734,44,3,1,6,1,9,1
1735,39,14,40,5,1,9,1
1736,45,4,14,5,1,9,1
1737,11,4,14,5,1,9,1
1738,23,6,24,1,1,9,1
1739,41,12,1,1,1,9,1
1740,14,4,51,1,1,9,1
1741,31,4,51,1,1,9,1
1742,12,5,8,3,0,9,1
1743,8,5,30,3,0,9,1
1744,23,17,49,3,0,9,1
1745,44,2,13,3,0,9,1
1746,9,12,54,3,0,9,0
1747,27,12,54,3,0,9,1
1748,23,22,1,2,0,9,1
1749,23,20,52,2,0,9,1
1750,37,4,21,2,0,9,1
1751,22,22,53,2,0,9,1
1752,44,17,49,2,0,9,1
1753,12,17,49,2,0,9,1
1754,43,7,12,0,1,9,1
1755,39,12,49,0,1,9,1
1756,17,2,23,0,1,9,1
1757,6,15,33,0,1,9,0
1758,13,15,33,0,1,9,0
1759,39,6,15,4,1,9,1
1760,32,11,3,4,1,9,1
1761,41,2,31,4,1,9,1
1762,30,2,31,4,1,9,1
1763,32,23,16,6,1,9,1
1764,38,20,46,6,1,9,1
1765,9,9,18,6,1,9,0
1766,15,9,18,6,1,9,0
1767,15,21,58,5,1,9,0
1768,41,15,26,5,1,9,1
1769,11,4,3,5,1,9,1
1770,7,6,1,5,1,9,1
1771,14,6,1,5,1,9,1
1772,21,9,53,1,1,9,1
1773,35,23,5,1,1,9,1
1774,35,8,6,1,1,9,1
1775,13,8,6,1,1,9,1
1776,20,20,58,3,0,9,1
1777,0,16,16,3,0,9,0
1778,42,6,29,3,0,9,1
1779,35,13,19,3,0,9,1
1780,37,11,4,3,0,9,1
1781,32,11,4,3,0,9,1
1782,43,4,51,2,0,9,1
1783,45,1,41,2,0,9,1
1784,0,1,38,2,0,9,1
1785,20,4,52,2,0,9,1
1786,3,18,32,2,0,9,0
1787,12,1,30,2,0,9,1
1788,30,1,30,2,0,9,1
1789,19,9,55,0,1,9,1
1790,2,23,14,0,1,9,1
1791,41,0,46,0,1,9,1
1792,6,21,29,0,1,9,0
1793,22,21,29,0,1,9,1
1794,44,8,35,4,1,9,1
1795,2,16,36,4,1,9,0
1796,3,13,20,4,1,9,0
1797,16,13,20,4,1,9,1
1798,2,19,56,6,1,9,0
1799,10,4,25,6,1,9,1
1800,19,4,25,6,1,9,1
1801,19,7,11,5,1,9,1
1802,14,17,54,5,1,9,0
1803,17,0,55,5,1,9,1
1804,7,0,55,5,1,9,1
1805,36,20,31,1,1,9,1
1806,44,23,19,1,1,9,1
1807,28,9,18,1,1,9,1
1808,44,0,29,1,1,9,1
1809,40,0,29,1,1,9,1
1810,34,22,14,3,0,9,1
1811,7,4,25,3,0,9,1
1812,14,21,37,3,0,9,0
1813,12,20,58,3,0,9,0
1814,27,20,58,3,0,9,1
1815,45,3,34,2,0,9,1
1816,38,16,30,2,0,9,1
1817,42,12,40,2,0,9,1
1818,42,8,57,2,0,9,1
1819,18,8,12,2,0,9,1
1820,38,10,32,2,0,9,1
1821,20,10,32,2,0,9,1
1822,45,0,11,0,1,9,1
1823,10,12,0,0,1,9,0
1824,15,13,37,0,1,9,0
1825,1,15,36,0,1,9,0
1826,33,15,36,0,1,9,1
1827,17,1,42,4,1,9,1
1828,9,11,50,4,1,9,0
1829,22,10,11,4,1,9,1
1830,2,15,1,4,1,9,0
1831,26,15,1,4,1,9,1
1832,24,1,11,6,1,9,1
1833,28,15,36,6,1,9,1
1834,27,5,16,6,1,9,1
1835,44,14,3,6,1,9,1
1836,20,14,3,6,1,9,1
1837,20,14,47,5,1,9,1
1838,41,3,18,5,1,9,1
1839,3,20,33,5,1,9,0
1840,45,14,0,5,1,9,1
1841,22,14,0,5,1,9,1
1842,32,14,13,1,1,9,1
1843,15,0,27,1,1,9,1
1844,32,19,58,1,1,9,1
1845,44,16,40,1,1,9,1
1846,19,16,40,1,1,9,1
1847,28,21,20,3,0,9,1
1848,13,23,19,3,0,9,0
1849,7,16,27,3,0,9,0
1850,10,16,27,3,0,9,0
1851,17,20,21,2,0,9,1
1852,37,2,4,2,0,9,1
1853,7,1,12,2,0,9,1
1854,16,12,34,2,0,9,1
1855,25,13,50,2,0,9,1
1856,29,1,29,2,0,9,1
1857,21,1,29,2,0,9,1
1858,29,19,24,0,1,9,1
1859,8,13,26,0,1,9,0
1860,27,13,26,0,1,9,1
1861,20,4,40,4,1,9,1
1862,7,12,32,4,1,9,0
1863,14,18,39,4,1,9,0
1864,36,4,50,4,1,9,1
1865,27,4,50,4,1,9,1
1866,6,22,8,6,1,9,1
1867,17,12,1,6,1,9,1
1868,9,12,1,6,1,9,1
1869,7,9,48,5,1,9,0
1870,25,15,58,5,1,9,1
1871,35,12,45,5,1,9,1
1872,4,5,12,5,1,9,1
1873,3,5,12,5,1,9,1
1874,3,18,18,1,1,9,0
1875,31,20,44,1,1,9,1
1876,44,9,39,1,1,9,1
1877,1,9,39,1,1,9,1
1878,37,6,45,3,0,9,1
1879,16,20,10,3,0,9,1
1880,0,20,10,3,0,9,1
1881,3,9,34,2,0,9,0
1882,33,19,42,2,0,9,1
1883,42,0,28,2,0,9,1
1884,1,10,26,2,0,9,0
1885,35,7,7,2,0,9,1
1886,12,7,7,2,0,9,1
1887,38,10,55,0,1,9,1
1888,15,3,55,0,1,9,1
1889,26,3,55,0,1,9,1
1890,10,6,7,4,1,9,1
1891,45,22,48,4,1,9,1
1892,22,3,57,4,1,9,1
1893,37,6,4,4,1,9,1
1894,15,6,4,4,1,9,1
1895,16,3,47,6,1,9,1
1896,13,23,15,6,1,9,1
1897,40,23,15,6,1,9,1
1898,11,23,2,5,1,9,1
1899,44,9,58,5,1,9,1
1900,45,9,58,5,1,9,1
1901,43,14,7,1,1,9,1
1902,12,1,31,1,1,9,1
1903,2,18,26,1,1,9,0
1904,17,18,26,1,1,9,1
1905,19,9,51,3,0,9,1
1906,32,19,40,3,0,9,1
1907,4,22,4,3,0,9,0
1908,42,6,53,3,0,9,1
1909,18,6,53,3,0,9,1
1910,34,17,53,2,0,9,1
1911,35,0,59,2,0,9,1
1912,0,0,59,2,0,9,1
1913,9,5,18,0,1,9,1
1914,44,6,58,0,1,9,1
1915,7,23,1,0,1,9,1
1916,39,23,1,0,1,9,1
1917,33,6,28,4,1,9,1
1918,37,5,46,4,1,9,1
1919,11,4,54,4,1,9,1
1920,38,19,0,4,1,9,1
1921,45,19,0,4,1,9,1
1922,44,17,36,6,1,9,1
1923,10,13,53,6,1,9,0
1924,16,4,53,6,1,9,1
1925,35,4,53,6,1,9,1
1926,2,15,41,5,1,9,0
1927,2,7,50,5,1,9,0
1928,36,7,50,5,1,9,1
1929,12,11,51,1,1,9,0
1930,10,23,41,1,1,9,1
1931,44,19,57,1,1,9,1
1932,39,19,57,1,1,9,1
1933,18,20,35,3,0,9,1
1934,22,7,8,3,0,9,1
1935,33,7,8,3,0,9,1
1936,4,16,24,2,0,9,0
1937,6,1,55,2,0,9,1
1938,19,23,3,2,0,9,1
1939,0,23,3,2,0,9,1
1940,5,2,58,0,1,9,1
1941,12,12,27,0,1,9,0
1942,29,23,25,0,1,9,1
1943,45,23,25,0,1,9,1
1944,0,3,35,4,1,9,1
1945,9,20,54,4,1,9,0
1946,10,0,3,4,1,9,1
1947,32,3,0,4,1,9,1
1948,7,3,0,4,1,9,1
1949,9,17,20,6,1,9,0
1950,11,16,42,6,1,9,0
1951,29,5,56,6,1,9,1
1952,12,12,32,6,1,9,0
1953,19,12,32,6,1,9,1
1954,38,7,5,5,1,9,1
1955,22,3,45,5,1,9,1
1956,19,6,2,5,1,9,1
1957,34,2,40,5,1,9,1
1958,17,2,40,5,1,9,1
1959,19,1,55,1,1,9,1
1960,40,11,36,1,1,9,1
1961,12,11,36,1,1,9,1
1962,41,3,59,3,0,9,1
1963,35,15,0,3,0,9,1
1964,17,7,24,3,0,9,1
1965,0,7,24,3,0,9,1
1966,0,1,48,2,0,9,1
1967,32,13,17,2,0,9,1
1968,10,13,17,2,0,9,1
1969,39,17,5,0,1,9,1
1970,26,0,57,0,1,9,1
1971,35,0,57,0,1,9,1
1972,27,15,59,4,1,9,1
1973,15,18,12,4,1,9,0
1974,5,18,12,4,1,9,0
1975,28,13,1,6,1,9,1
1976,2,22,45,6,1,9,1
1977,31,22,45,6,1,9,1
1978,14,14,54,5,1,9,0
1979,15,16,55,5,1,9,0
1980,10,15,19,5,1,9,0
1981,38,8,0,5,1,9,1
1982,43,8,0,5,1,9,1
1983,45,11,17,1,1,9,1
1984,22,21,46,1,1,9,1
1985,38,23,22,1,1,9,1
1986,25,9,20,1,1,9,1
1987,22,9,20,1,1,9,1
1988,14,5,18,3,0,9,1
1989,19,7,23,3,0,9,1
1990,41,20,22,3,0,9,1
1991,21,5,48,3,0,9,1
1992,23,1,10,3,0,9,1
1993,9,1,10,3,0,9,1
1994,7,6,20,2,0,9,1
1995,7,9,40,2,0,9,0
1996,6,4,6,2,0,9,1
1997,5,21,39,2,0,9,0
1998,27,15,8,2,0,9,1
1999,23,18,56,2,0,9,1
2000,33,18,56,2,0,9,1
2001,20,15,24,0,1,9,1
2002,1,7,9,0,1,9,0
2003,31,7,9,0,1,9,1
2004,34,0,38,4,1,9,1
2005,6,20,22,4,1,9,0
2006,37,18,8,4,1,9,1
2007,41,10,32,4,1,9,1
2008,21,10,32,4,1,9,1
2009,7,19,58,6,0,7,0
2010,9,10,35,6,0,7,0
2011,1,21,32,6,0,7,0
2012,45,1,44,6,0,7,1
2013,13,8,0,6,0,7,1
2014,27,22,50,6,0,7,1
2015,36,22,50,6,0,7,1
2016,29,17,29,5,0,8,1
2017,45,17,29,5,0,8,1
2018,40,11,28,1,1,9,1
2019,37,2,3,1,1,9,1
2020,19,8,23,1,1,9,1
2021,36,8,23,1,1,9,1
2022,5,10,59,3,0,9,0
2023,2,10,59,3,0,9,0
2024,37,10,59,2,0,9,1
2025,7,5,28,0,1,9,1
2026,41,10,37,0,1,9,1
2027,42,10,37,0,1,9,1
2028,30,7,17,4,1,9,1
2029,11,15,57,4,1,9,0
2030,45,15,57,4,1,9,1
2031,44,23,56,6,0,1,1
2032,13,14,46,6,0,1,0
2033,43,10,32,6,0,1,1
2034,8,10,32,6,0,1,1
2035,9,6,32,5,0,2,1
2036,20,12,21,5,0,2,1
2037,44,22,56,5,0,2,1
2038,43,22,56,5,0,2,1
2039,13,3,4,1,1,9,1
2040,24,1,50,1,1,9,1
2041,3,7,43,1,1,9,0
2042,44,1,59,1,1,9,1
2043,20,1,59,1,1,9,1
2044,27,10,50,3,0,9,1
2045,2,10,50,3,0,9,1
2046,15,20,51,2,0,9,0
2047,5,20,51,2,0,9,0
2048,3,14,43,0,1,9,0
2049,15,21,58,0,1,9,0
2050,36,8,40,0,1,9,1
2051,32,8,40,0,1,9,1
2052,28,20,11,4,1,9,1
2053,26,16,14,4,1,9,1
2054,35,12,21,4,1,9,1
2055,21,17,20,4,1,9,1
2056,28,17,20,4,1,9,1
2057,42,3,29,6,1,9,1
2058,44,11,33,6,1,9,1
2059,14,12,34,6,1,9,0
2060,34,12,34,6,1,9,1
2061,11,8,16,5,1,9,0
2062,11,16,15,5,1,9,0
2063,11,23,49,5,1,9,1
2064,12,8,2,5,1,9,0
2065,35,8,2,5,1,9,1
2066,20,3,42,1,1,9,1
2067,28,7,53,1,1,9,1
2068,17,20,25,1,1,9,1
2069,23,20,25,1,1,9,1
2070,8,14,48,3,0,9,0
2071,1,14,48,3,0,9,0
2072,3,22,56,2,0,9,0
2073,2,6,13,2,0,9,1
2074,8,8,51,2,0,9,1
2075,21,8,51,2,0,9,1
2076,19,9,58,0,1,9,1
2077,19,10,52,0,1,9,1
2078,44,10,52,0,1,9,1
2079,18,13,36,4,1,9,1
2080,27,3,57,4,1,9,1
2081,33,3,57,4,1,9,1
2082,42,4,20,6,1,9,1
2083,18,6,10,6,1,9,1
2084,32,5,39,6,1,9,1
2085,12,5,39,6,1,9,1
2086,27,23,23,5,1,9,1
2087,21,0,31,5,1,9,1
2088,35,0,31,5,1,9,1
2089,3,13,28,1,1,9,0
2090,37,19,26,1,1,9,1
2091,43,17,51,1,1,9,1
2092,42,17,51,1,1,9,1
2093,2,12,52,3,0,9,0
2094,22,15,33,3,0,9,1
2095,7,15,33,3,0,9,1
2096,37,15,33,2,0,9,1
2097,12,3,14,0,1,9,1
2098,9,19,36,0,1,9,0
2099,13,1,6,0,1,9,1
2100,30,1,6,0,1,9,1
2101,17,12,42,4,1,9,1
2102,5,6,34,4,1,9,1
2103,5,12,4,4,1,9,0
2104,0,6,48,4,1,9,1
2105,24,6,48,4,1,9,1
2106,25,20,47,6,1,9,1
2107,19,19,8,6,1,9,1
2108,38,0,18,6,1,9,1
2109,45,8,53,6,1,9,1
2110,33,8,53,6,1,9,1
2111,20,3,51,5,1,9,1
2112,30,12,12,5,1,9,1
2113,37,12,12,5,1,9,1
2114,37,0,47,1,1,9,1
2115,45,21,42,1,1,9,1
2116,10,19,47,1,1,9,0
2117,44,19,47,1,1,9,1
2118,22,22,50,3,0,9,1
2119,39,12,39,3,0,9,1
2120,19,1,54,3,0,9,1
2121,42,1,54,3,0,9,1
2122,24,1,54,2,0,9,1
2123,16,4,28,0,0,11,1
2124,42,15,59,0,0,11,1
2125,11,7,29,0,0,11,1
2126,22,23,7,0,0,11,1
2127,8,0,38,0,0,11,1
2128,0,6,56,0,0,11,1
2129,43,6,56,0,0,11,1
2130,33,6,56,4,1,9,1
2131,24,11,17,4,1,9,1
2132,13,3,38,4,1,9,1
2133,3,3,38,4,1,9,1
2134,10,10,52,6,1,9,0
2135,44,12,39,6,1,9,1
2136,16,12,39,6,1,9,1
2137,2,1,26,5,1,9,1
2138,34,16,15,5,1,9,1
2139,36,16,15,5,1,9,1
2140,33,11,37,1,1,9,1
2141,41,20,19,1,1,9,1
2142,21,15,36,1,1,9,1
2143,45,15,36,1,1,9,1
2144,11,17,56,3,0,9,0
2145,38,13,27,3,0,9,1
2146,18,13,23,3,0,9,1
2147,39,5,47,3,0,9,1
2148,16,10,44,3,0,9,1
2149,45,10,44,3,0,9,1
2150,37,13,32,2,0,9,1
2151,18,23,15,2,0,9,1
2152,33,13,0,2,0,9,1
2153,19,1,32,2,0,9,1
2154,4,12,31,2,0,9,0
2155,6,10,15,2,0,9,0
2156,4,10,15,2,0,9,0
2157,20,13,38,0,1,9,1
2158,5,2,30,0,1,9,1
2159,8,10,29,0,1,9,0
2160,17,5,38,0,1,9,1
2161,29,5,38,0,1,9,1
2162,25,21,59,4,1,9,1
2163,43,17,52,4,1,9,1
2164,15,17,52,4,1,9,1
2165,24,6,12,6,1,9,1
2166,30,10,14,6,1,9,1
2167,43,15,43,6,1,9,1
2168,5,15,43,6,1,9,1
2169,24,17,6,5,1,9,1
2170,14,5,18,5,1,9,1
2171,17,5,18,5,1,9,1
2172,40,10,29,1,1,9,1
2173,41,19,9,1,1,9,1
2174,27,18,24,1,1,9,1
2175,10,18,24,1,1,9,1
2176,13,4,9,3,0,9,1
2177,36,10,18,3,0,9,1
2178,31,2,44,3,0,9,1
2179,18,6,55,3,0,9,1
2180,16,4,40,3,0,9,1
2181,3,21,31,3,0,9,0
2182,21,21,31,3,0,9,1
2183,29,20,43,2,0,9,1
2184,42,1,39,2,0,9,1
2185,28,14,3,2,0,9,1
2186,14,14,3,2,0,9,1
2187,15,2,59,0,1,9,1
2188,4,18,13,0,1,9,0
2189,7,18,13,0,1,9,0
2190,7,9,20,4,1,9,0
2191,24,5,52,4,1,9,1
2192,4,17,3,4,1,9,0
2193,37,17,3,4,1,9,1
2194,1,7,13,6,1,9,0
2195,35,8,18,6,1,9,1
2196,0,3,33,6,1,9,1
2197,14,3,30,6,1,9,1
2198,32,3,30,6,1,9,1
2199,40,20,14,5,1,9,1
2200,43,19,22,5,1,9,1
2201,32,16,2,5,1,9,1
2202,5,16,2,5,1,9,1
2203,18,19,15,1,1,9,1
2204,41,21,12,1,1,9,1
2205,30,21,12,1,1,9,1
2206,23,0,3,3,0,9,1
2207,38,13,52,3,0,9,1
2208,32,5,29,3,0,9,1
2209,44,20,53,3,0,9,1
2210,9,20,53,3,0,9,1
2211,41,22,2,2,0,9,1
2212,22,6,3,2,0,9,1
2213,25,6,3,2,0,9,1
2214,33,11,52,0,1,9,1
2215,42,17,38,0,1,9,1
2216,19,17,38,0,1,9,1
2217,33,6,51,4,1,9,1
2218,9,7,18,4,1,9,0
2219,2,7,18,4,1,9,0
2220,45,19,21,6,1,9,1
2221,44,14,31,6,1,9,1
2222,25,14,31,6,1,9,1
2223,36,15,14,5,1,9,1
2224,15,12,11,5,1,9,0
2225,5,3,14,5,1,9,1
2226,1,13,41,5,1,9,0
2227,43,13,41,5,1,9,1
2228,21,1,6,1,1,9,1
2229,32,14,28,1,1,9,1
2230,43,0,48,1,1,9,1
2231,14,0,48,1,1,9,1
2232,3,10,40,3,0,9,0
2233,23,11,52,3,0,9,1
2234,17,1,50,3,0,9,1
2235,11,1,50,3,0,9,1
2236,17,8,50,2,0,9,1
2237,12,4,19,2,0,9,1
2238,45,9,44,2,0,9,1
2239,34,0,56,2,0,9,1
2240,33,2,34,2,0,9,1
2241,10,2,34,2,0,9,1
2242,11,10,36,0,1,9,0
2243,9,19,29,0,1,9,0
2244,42,20,34,0,1,9,1
2245,13,17,15,0,1,9,0
2246,21,17,15,0,1,9,1
2247,6,11,38,4,1,9,0
2248,16,11,11,4,1,9,1
2249,43,3,46,4,1,9,1
2250,18,5,41,4,1,9,1
2251,34,5,41,4,1,9,1
2252,14,2,36,6,1,9,1
2253,32,10,6,6,1,9,1
2254,39,12,52,6,1,9,1
2255,7,17,2,6,1,9,0
2256,40,17,2,6,1,9,1
2257,37,22,57,5,1,9,1
2258,17,23,53,5,1,9,1
2259,44,23,53,5,1,9,1
2260,31,14,31,1,1,9,1
2261,26,5,27,1,1,9,1
2262,42,5,45,1,1,9,1
2263,25,15,49,1,1,9,1
2264,38,15,49,1,1,9,1
2265,5,22,30,3,0,9,0
2266,40,19,49,3,0,9,1
2267,30,12,22,3,0,9,1
2268,20,7,13,3,0,9,1
2269,28,7,13,3,0,9,1
2270,13,12,29,2,0,9,0
2271,16,17,31,2,0,9,1
2272,6,9,21,2,0,9,0
2273,43,9,21,2,0,9,1
2274,22,17,45,0,1,9,1
2275,5,18,12,0,1,9,0
2276,2,18,12,0,1,9,0
2277,25,11,48,4,1,9,1
2278,4,23,39,4,1,9,1
2279,21,22,25,4,1,9,1
2280,17,14,52,4,1,9,1
2281,17,14,52,4,1,9,1
2282,17,6,34,6,1,9,1
2283,7,14,52,6,1,9,0
2284,19,7,40,6,1,9,1
2285,33,19,47,6,1,9,1
2286,33,19,47,6,1,9,1
2287,34,12,7,5,1,9,1
2288,18,3,11,5,1,9,1
2289,37,3,11,5,1,9,1
2290,17,18,28,1,1,9,1
2291,8,11,26,1,1,9,0
2292,31,8,44,1,1,9,1
2293,35,8,44,1,1,9,1
2294,27,3,40,3,0,9,1
2295,44,15,5,3,0,9,1
2296,40,0,2,3,0,9,1
2297,19,21,15,3,0,9,1
2298,21,16,57,3,0,9,1
2299,3,16,57,3,0,9,1
2300,15,1,21,2,0,9,1
2301,2,15,8,2,0,9,0
2302,3,8,25,2,0,9,1
2303,3,8,25,2,0,9,1
2304,13,10,52,0,1,9,0
2305,4,8,36,0,1,9,0
2306,13,8,14,0,1,9,0
2307,36,3,50,0,1,9,1
2308,36,3,50,0,1,9,1
2309,21,1,17,4,1,9,1
2310,39,2,37,4,1,9,1
2311,36,2,37,4,1,9,1
2312,27,19,2,6,1,9,1
2313,45,23,14,6,1,9,1
2314,0,23,14,6,1,9,1
2315,35,20,47,5,1,9,1
2316,37,0,29,5,1,9,1
2317,0,16,55,5,1,9,0
2318,32,11,39,5,1,9,1
2319,20,11,39,5,1,9,1
2320,13,13,1,1,1,9,0
2321,40,1,10,1,1,9,1
2322,41,1,10,1,1,9,1
2323,41,4,25,3,0,9,1
2324,2,17,43,3,0,9,0
2325,5,6,55,3,0,9,1
2326,37,18,7,3,0,9,1
2327,3,18,7,3,0,9,1
2328,24,4,20,2,0,9,1
2329,29,13,56,2,0,9,1
2330,23,12,33,2,0,9,1
2331,11,8,13,2,0,9,1
2332,5,8,13,2,0,9,1
2333,23,17,10,0,1,9,1
2334,20,23,55,0,1,9,1
2335,25,10,21,0,1,9,1
2336,3,17,3,0,1,9,0
2337,0,17,3,0,1,9,0
2338,21,12,35,4,1,9,1
2339,13,8,51,4,1,9,0
2340,13,6,34,4,1,9,1
2341,38,6,34,4,1,9,1
2342,24,18,35,6,1,9,1
2343,37,14,19,6,1,9,1
2344,36,14,19,6,1,9,1
2345,17,3,42,5,1,9,1
2346,5,13,47,5,1,9,0
2347,9,7,12,5,1,9,0
2348,44,14,49,5,1,9,1
2349,39,14,49,5,1,9,1
2350,6,22,7,1,1,9,1
2351,19,17,54,1,1,9,1
2352,38,17,54,1,1,9,1
2353,45,2,12,3,0,9,1
2354,30,2,56,3,0,9,1
2355,28,2,56,3,0,9,1
2356,5,11,23,2,0,9,0
2357,42,14,50,2,0,9,1
2358,12,19,41,2,0,9,0
2359,21,10,29,2,0,9,1
2360,15,6,55,2,0,9,1
2361,19,0,36,2,0,9,1
2362,35,0,36,2,0,9,1
2363,12,4,24,0,1,9,1
2364,15,20,31,0,1,9,0
2365,28,10,4,0,1,9,1
2366,18,10,4,0,1,9,1
2367,33,17,3,4,1,9,1
2368,43,0,46,4,1,9,1
2369,37,0,46,4,1,9,1
2370,4,12,48,6,1,9,0
2371,0,1,36,6,1,9,1
2372,21,16,34,6,1,9,1
2373,29,16,34,6,1,9,1
2374,25,15,57,5,1,9,1
2375,43,2,8,5,1,9,1
2376,4,23,10,5,1,9,1
2377,2,23,10,5,1,9,1
2378,15,12,3,1,1,9,0
2379,3,16,12,1,1,9,0
2380,23,9,34,1,1,9,1
2381,41,21,43,1,1,9,1
2382,22,21,43,1,1,9,1
2383,4,8,47,3,0,9,1
2384,37,8,47,3,0,9,1
2385,18,20,22,2,0,9,1
2386,13,0,2,2,0,9,1
2387,44,21,41,2,0,9,1
2388,36,21,41,2,0,9,1
2389,43,6,37,0,1,9,1
2390,28,19,29,0,1,9,1
2391,27,4,6,0,1,9,1
2392,22,10,9,0,1,9,1
2393,45,10,9,0,1,9,1
2394,0,12,20,4,1,9,0
2395,6,12,43,4,1,9,0
2396,20,13,41,4,1,9,1
2397,39,13,41,4,1,9,1
2398,22,4,58,6,1,9,1
2399,36,7,46,6,1,9,1
2400,39,16,0,6,1,9,1
2401,13,16,0,6,1,9,1
2402,12,7,55,5,1,9,0
2403,6,19,13,5,1,9,0
2404,26,18,42,5,1,9,1
2405,28,18,42,5,1,9,1
2406,37,11,3,1,1,9,1
2407,37,7,43,1,1,9,1
2408,20,1,16,1,1,9,1
2409,17,21,12,1,1,9,1
2410,27,21,12,1,1,9,1
2411,24,1,4,3,0,9,1
2412,27,1,4,3,0,9,1
2413,8,14,50,2,0,9,0
2414,7,19,43,2,0,9,0
2415,8,15,24,2,0,9,0
2416,45,15,24,2,0,9,1
2417,40,20,7,0,1,9,1
2418,1,10,12,0,1,9,0
2419,43,7,51,0,1,9,1
2420,1,7,51,0,1,9,1
2421,32,11,47,4,1,9,1
2422,2,20,19,4,1,9,0
2423,10,9,47,4,1,9,0
2424,19,9,47,4,1,9,1
2425,29,17,18,6,1,9,1
2426,35,5,24,6,1,9,1
2427,9,6,32,6,1,9,1
2428,45,6,32,6,1,9,1
2429,8,15,30,5,1,9,0
2430,40,15,11,5,1,9,1
2431,18,15,11,5,1,9,1
2432,21,9,1,1,1,9,1
2433,41,12,53,1,1,9,1
2434,25,7,43,1,1,9,1
2435,11,20,47,1,1,9,0
2436,31,20,47,1,1,9,1
2437,19,23,3,3,0,9,1
2438,21,14,22,3,0,9,1
2439,34,14,22,3,0,9,1
2440,2,14,22,2,0,9,1
2441,5,7,55,0,1,9,0
2442,44,2,14,0,1,9,1
2443,23,18,14,0,1,9,1
2444,4,18,14,0,1,9,1
2445,13,3,15,4,1,9,1
2446,6,1,56,4,1,9,1
2447,36,22,52,4,1,9,1
2448,7,15,52,4,1,9,0
2449,12,15,52,4,1,9,0
2450,13,12,9,6,1,9,0
2451,13,1,28,6,1,9,1
2452,16,1,36,6,1,9,1
2453,4,1,36,6,1,9,1
2454,37,11,33,5,1,9,1
2455,23,23,18,5,1,9,1
2456,36,23,18,5,1,9,1
2457,30,2,44,1,1,9,1
2458,37,13,52,1,1,9,1
2459,7,13,52,1,1,9,1
2460,25,1,42,3,0,9,1
2461,23,22,59,3,0,9,1
2462,42,22,59,3,0,9,1
2463,3,11,34,2,0,9,0
2464,9,1,57,2,0,9,1
2465,15,23,35,2,0,9,0
2466,19,23,35,2,0,9,1
2467,24,15,56,0,1,9,1
2468,25,23,39,0,1,9,1
2469,30,15,58,0,1,9,1
2470,21,6,27,0,1,9,1
2471,34,6,27,0,1,9,1
2472,12,11,21,4,1,9,0
2473,2,21,4,4,1,9,0
2474,29,0,23,4,1,9,1
2475,24,18,56,4,1,9,1
2476,13,18,56,4,1,9,1
2477,44,5,9,6,1,9,1
2478,15,4,8,6,1,9,1
2479,8,4,8,6,1,9,1
2480,8,20,8,5,1,9,0
2481,41,3,1,5,1,9,1
2482,40,7,20,5,1,9,1
2483,17,7,20,5,1,9,1
2484,35,10,59,1,1,9,1
2485,19,13,15,1,1,9,1
2486,34,20,35,1,1,9,1
2487,15,20,35,1,1,9,1
2488,2,13,55,3,0,9,0
2489,29,9,5,3,0,9,1
2490,13,12,22,3,0,9,0
2491,28,3,14,3,0,9,1
2492,12,3,14,3,0,9,1
2493,44,3,14,2,0,9,1
2494,6,10,30,0,1,9,0
2495,5,13,33,0,1,9,0
2496,38,13,33,0,1,9,1
2497,19,2,12,4,1,9,1
2498,45,1,5,4,1,9,1
2499,17,7,14,4,1,9,1
2500,21,7,14,4,1,9,1
2501,42,9,15,6,1,9,1
2502,0,23,40,6,1,9,1
2503,10,11,57,6,1,9,0
2504,8,11,57,6,1,9,0
2505,28,20,44,5,1,9,1
2506,6,7,20,5,1,9,0
2507,15,1,3,5,1,9,1
2508,35,1,3,5,1,9,1
2509,3,1,3,1,0,5,1
2510,2,2,0,3,0,9,1
2511,18,17,34,3,0,9,1
2512,25,16,28,3,0,9,1
2513,8,16,28,3,0,9,1
2514,6,17,10,2,0,9,0
2515,29,2,56,2,0,9,1
2516,29,13,11,2,0,9,1
2517,37,16,22,2,0,9,1
2518,39,7,56,2,0,9,1
2519,21,19,28,2,0,9,1
2520,23,19,28,2,0,9,1
2521,35,11,10,0,1,9,1
2522,34,16,18,0,1,9,1
2523,16,16,18,0,1,9,1
2524,34,10,6,4,1,9,1
2525,40,4,17,4,1,9,1
2526,11,4,17,4,1,9,1
2527,40,12,35,6,1,9,1
2528,42,4,9,6,1,9,1
2529,19,14,31,6,1,9,1
2530,20,10,26,6,1,9,1
2531,10,10,26,6,1,9,1
2532,22,10,8,5,1,9,1
2533,27,11,1,5,1,9,1
2534,12,1,59,5,1,9,1
2535,9,17,29,5,1,9,0
2536,15,17,29,5,1,9,0
2537,29,5,39,1,1,9,1
2538,44,6,32,1,1,9,1
2539,38,6,32,1,1,9,1
2540,37,18,41,3,0,9,1
2541,38,12,19,3,0,9,1
2542,33,12,19,3,0,9,1
2543,14,21,8,2,0,9,0
2544,1,10,30,2,0,9,0
2545,36,10,3,2,0,9,1
2546,40,10,3,2,0,9,1
2547,3,9,10,0,1,9,0
2548,41,21,19,0,1,9,1
2549,44,15,31,0,1,9,1
2550,26,2,39,0,1,9,1
2551,26,2,39,0,1,9,1
2552,29,8,35,4,1,9,1
2553,26,16,51,4,1,9,1
2554,20,16,51,4,1,9,1
2555,36,13,47,6,1,9,1
2556,29,12,53,6,1,9,1
2557,8,12,53,6,1,9,1
2558,31,2,18,5,1,9,1
2559,41,5,37,5,1,9,1
2560,6,2,4,5,1,9,1
2561,26,23,22,5,1,9,1
2562,36,23,22,5,1,9,1
2563,12,20,57,1,1,9,0
2564,33,8,44,1,1,9,1
2565,42,14,12,1,1,9,1
2566,3,14,12,1,1,9,1
2567,10,2,35,3,0,9,1
2568,26,21,27,3,0,9,1
2569,36,23,12,3,0,9,1
2570,12,22,44,3,0,9,0
2571,4,22,44,3,0,9,0
2572,32,15,42,2,0,9,1
2573,26,9,52,2,0,9,1
2574,15,10,41,2,0,9,0
2575,42,19,8,2,0,9,1
2576,27,14,7,2,0,9,1
2577,42,14,7,2,0,9,1
2578,5,19,46,0,1,9,0
2579,42,5,5,0,1,9,1
2580,30,9,23,0,1,9,1
2581,20,9,23,0,1,9,1
2582,31,3,2,4,1,9,1
2583,12,6,43,4,1,9,1
2584,26,19,20,4,1,9,1
2585,3,19,20,4,1,9,1
2586,40,4,19,6,1,9,1
2587,13,5,22,6,1,9,1
2588,8,5,22,6,1,9,1
2589,42,18,50,5,1,9,1
2590,34,18,5,5,1,9,1
2591,20,13,31,5,1,9,1
2592,1,13,31,5,1,9,1
2593,36,9,24,1,0,14,1
2594,39,16,14,1,0,14,1
2595,15,3,17,1,0,14,1
2596,43,21,3,1,0,14,1
2597,11,21,3,1,0,14,1
2598,37,21,18,3,0,9,1
2599,43,15,32,3,0,9,1
2600,39,7,17,3,0,9,1
2601,27,7,17,3,0,9,1
2602,28,22,42,2,0,9,1
2603,9,16,16,2,0,9,0
2604,4,18,24,2,0,9,0
2605,24,18,24,2,0,9,1
2606,39,10,55,0,1,9,1
2607,38,3,46,0,1,9,1
2608,13,11,22,0,1,9,0
2609,40,11,22,0,1,9,1
2610,35,6,58,4,1,9,1
2611,6,2,1,4,1,9,1
2612,39,5,30,4,1,9,1
2613,25,15,50,4,1,9,1
2614,14,15,50,4,1,9,1
2615,22,15,54,6,1,9,1
2616,38,7,41,6,1,9,1
2617,9,19,58,6,1,9,0
2618,5,21,52,6,1,9,0
2619,6,21,52,6,1,9,0
2620,18,2,38,5,1,9,1
2621,13,3,29,5,1,9,1
2622,25,8,31,5,1,9,1
2623,36,8,31,5,1,9,1
2624,6,6,17,1,1,9,1
2625,2,14,12,1,1,9,0
2626,45,18,13,1,1,9,1
2627,10,18,13,1,1,9,1
2628,6,23,26,3,0,9,0
2629,21,0,39,3,0,9,1
2630,21,10,33,3,0,9,1
2631,40,3,44,3,0,9,1
2632,25,3,44,3,0,9,1
2633,8,7,48,2,0,9,1
2634,18,13,33,2,0,9,1
2635,25,13,33,2,0,9,1
2636,41,3,54,0,1,9,1
2637,40,11,57,0,1,9,1
2638,24,11,57,0,1,9,1
2639,0,0,2,4,1,9,1
2640,17,17,3,4,1,9,1
2641,40,15,31,4,1,9,1
2642,1,15,31,4,1,9,1
2643,10,7,12,6,1,9,0
2644,42,7,11,6,1,9,1
2645,44,7,11,6,1,9,1
2646,1,13,2,5,1,9,0
2647,31,17,37,5,1,9,1
2648,8,3,27,5,1,9,1
2649,22,3,27,5,1,9,1
2650,26,18,0,1,1,9,1
2651,26,6,10,1,1,9,1
2652,35,22,42,1,1,9,1
2653,35,22,42,1,1,9,1
2654,37,22,42,3,0,9,1
2655,16,22,42,2,0,9,1
2656,8,14,19,0,1,9,0
2657,6,1,41,0,1,9,1
2658,0,1,41,0,1,9,1
2659,23,19,35,4,1,9,1
2660,26,9,39,4,1,9,1
2661,35,20,25,4,1,9,1
2662,40,0,36,4,1,9,1
2663,31,0,36,4,1,9,1
2664,13,13,36,6,1,9,0
2665,8,17,30,6,1,9,0
2666,13,20,28,6,1,9,0
2667,44,7,30,6,1,9,1
2668,19,7,30,6,1,9,1
2669,13,0,5,5,1,9,1
2670,32,23,51,5,1,9,1
2671,14,23,10,5,1,9,1
2672,1,23,10,5,1,9,1
2673,8,19,34,1,1,9,0
2674,31,13,18,1,1,9,1
2675,41,13,5,1,1,9,1
2676,43,3,30,1,1,9,1
2677,2,3,30,1,1,9,1
2678,29,7,45,3,0,9,1
2679,45,7,45,3,0,9,1
2680,39,7,45,2,0,9,1
2681,31,19,31,0,1,9,1
2682,14,22,55,0,1,9,1
2683,27,22,55,0,1,9,1
2684,23,16,21,4,0,0,1
2685,9,16,21,4,0,0,1
2686,26,2,51,6,1,9,1
2687,9,1,35,6,1,9,1
2688,24,15,18,6,1,9,1
2689,32,15,18,6,1,9,1
2690,23,17,56,5,1,9,1
2691,4,11,43,5,1,9,0
2692,5,0,7,5,1,9,1
2693,12,13,32,5,1,9,0
2694,44,13,32,5,1,9,1
2695,11,19,44,1,1,9,0
2696,0,11,14,1,1,9,0
2697,17,21,37,1,1,9,1
2698,5,21,20,1,1,9,0
2699,32,21,20,1,1,9,1
2700,31,21,20,3,0,9,1
2701,12,0,25,2,0,9,1
2702,37,0,25,2,0,9,1
2703,45,20,21,0,1,9,1
2704,21,4,52,0,1,9,1
2705,3,17,13,0,1,9,0
2706,12,7,54,0,1,9,0
2707,21,7,54,0,1,9,1
2708,42,14,11,4,1,9,1
2709,19,7,21,4,1,9,1
2710,21,7,21,4,1,9,1
2711,39,11,37,6,1,9,1
2712,16,18,43,6,1,9,1
2713,28,7,46,6,1,9,1
2714,40,7,46,6,1,9,1
2715,15,13,38,5,1,9,0
2716,24,1,40,5,1,9,1
2717,6,16,32,5,1,9,0
2718,33,19,33,5,1,9,1
2719,16,19,33,5,1,9,1
2720,9,15,54,1,1,9,0
2721,12,10,34,1,1,9,0
2722,23,22,28,1,1,9,1
2723,43,22,28,1,1,9,1
2724,29,18,34,3,0,9,1
2725,40,18,34,3,0,9,1
2726,30,18,34,2,0,9,1
2727,13,3,27,0,1,9,1
2728,35,4,31,0,1,9,1
2729,25,17,37,0,1,9,1
2730,31,8,16,0,1,9,1
2731,19,8,16,0,1,9,1
2732,1,15,37,4,1,9,0
2733,29,18,4,4,1,9,1
2734,17,18,4,4,1,9,1
2735,39,14,21,6,1,9,1
2736,32,12,44,6,1,9,1
2737,37,12,44,6,1,9,1
2738,28,5,5,5,1,9,1
2739,26,19,20,5,1,9,1
2740,15,0,32,5,1,9,1
2741,11,4,7,5,1,9,1
2742,18,4,7,5,1,9,1
2743,33,16,55,1,1,9,1
2744,2,21,50,1,1,9,0
2745,28,19,16,1,1,9,1
2746,25,20,12,1,1,9,1
2747,22,20,12,1,1,9,1
2748,35,12,42,3,0,9,1
2749,0,14,31,3,0,9,0
2750,37,20,0,3,0,9,1
2751,27,3,16,3,0,9,1
2752,15,2,23,3,0,9,1
2753,16,0,50,3,0,9,1
2754,4,0,50,3,0,9,1
2755,16,14,29,2,0,9,1
2756,35,4,22,2,0,9,1
2757,42,4,22,2,0,9,1
2758,22,0,5,0,1,9,1
2759,25,9,56,0,1,9,1
2760,25,13,7,0,1,9,1
2761,33,23,26,0,1,9,1
2762,14,23,26,0,1,9,1
2763,33,17,34,4,1,9,1
2764,37,1,21,4,1,9,1
2765,1,17,5,4,1,9,0
2766,25,7,29,4,1,9,1
2767,28,7,29,4,1,9,1
2768,1,6,35,6,1,9,1
2769,0,23,47,6,1,9,1
2770,27,6,6,6,1,9,1
2771,45,6,6,6,1,9,1
2772,7,11,41,5,1,9,0
2773,44,2,22,5,1,9,1
2774,7,21,38,5,1,9,0
2775,4,5,26,5,1,9,1
2776,35,5,26,5,1,9,1
2777,13,3,13,1,1,9,1
2778,30,22,1,1,1,9,1
2779,14,3,36,1,1,9,1
2780,43,23,16,1,1,9,1
2781,35,23,16,1,1,9,1
2782,16,7,33,3,0,9,1
2783,34,8,31,3,0,9,1
2784,8,1,57,3,0,9,1
2785,38,23,53,3,0,9,1
2786,42,23,53,3,0,9,1
2787,39,16,18,2,0,9,1
2788,25,1,11,2,0,9,1
2789,35,1,25,2,0,9,1
2790,16,22,49,2,0,9,1
2791,43,22,49,2,0,9,1
2792,21,21,22,0,1,9,1
2793,12,14,30,0,1,9,0
2794,9,14,30,0,1,9,0
2795,7,19,13,4,1,9,0
2796,19,10,30,4,1,9,1
2797,14,3,16,4,1,9,1
2798,33,21,35,4,1,9,1
2799,44,21,35,4,1,9,1
2800,7,6,58,6,1,9,1
2801,18,2,17,6,1,9,1
2802,39,13,54,6,1,9,1
2803,17,13,54,6,1,9,1
2804,4,14,59,5,1,9,0
2805,24,1,38,5,1,9,1
2806,30,1,38,5,1,9,1
2807,32,4,5,1,1,9,1
2808,41,13,2,1,1,9,1
2809,18,19,45,1,1,9,1
2810,8,19,45,1,1,9,1
2811,37,12,47,3,0,9,1
2812,1,19,47,3,0,9,0
2813,20,19,47,3,0,9,1
2814,8,12,14,2,0,9,0
2815,33,12,4,2,0,9,1
2816,41,3,8,2,0,9,1
2817,14,3,6,2,0,9,1
2818,3,22,31,2,0,9,0
2819,26,22,31,2,0,9,1
2820,30,4,18,0,1,9,1
2821,26,20,15,0,1,9,1
2822,13,20,17,0,1,9,0
2823,22,20,17,0,1,9,1
2824,41,3,38,4,1,9,1
2825,19,22,16,4,1,9,1
2826,28,22,16,4,1,9,1
2827,10,23,44,6,1,9,1
2828,24,7,2,6,1,9,1
2829,33,11,20,6,1,9,1
2830,37,9,20,6,1,9,1
2831,38,9,20,6,1,9,1
2832,24,11,42,5,1,9,1
2833,19,17,42,5,1,9,1
2834,10,17,42,5,1,9,1
2835,32,17,24,1,1,9,1
2836,15,16,37,1,1,9,0
2837,15,15,17,1,1,9,0
2838,22,15,17,1,1,9,1
2839,45,3,16,3,0,9,1
2840,0,8,30,3,0,9,1
2841,37,19,6,3,0,9,1
2842,29,19,45,3,0,9,1
2843,10,5,8,3,0,9,1
2844,5,5,8,3,0,9,1
2845,36,7,16,2,0,9,1
2846,31,15,18,2,0,9,1
2847,21,11,44,2,0,9,1
2848,17,11,44,2,0,9,1
2849,45,0,3,0,1,9,1
2850,29,13,42,0,1,9,1
2851,9,4,38,0,1,9,1
2852,21,4,38,0,1,9,1
2853,1,12,10,4,1,9,0
2854,29,16,29,4,1,9,1
2855,12,16,29,4,1,9,1
2856,45,8,19,6,1,9,1
2857,16,17,35,6,1,9,1
2858,16,16,53,6,1,9,1
2859,43,15,7,6,1,9,1
2860,18,15,7,6,1,9,1
2861,30,13,36,5,1,9,1
2862,38,20,42,5,1,9,1
2863,8,20,42,5,1,9,1
2864,44,9,38,1,0,10,1
2865,8,9,38,1,0,10,1
2866,19,8,2,3,0,9,1
2867,13,3,5,3,0,9,1
2868,6,3,5,3,0,9,1
2869,22,19,35,2,0,9,1
2870,35,19,35,2,0,9,1
2871,19,8,5,0,1,9,1
2872,27,5,25,0,1,9,1
2873,21,21,51,0,1,9,1
2874,25,21,51,0,1,9,1
2875,5,2,40,4,1,9,1
2876,1,3,11,4,1,9,1
2877,9,9,27,4,1,9,0
2878,30,12,15,4,1,9,1
2879,32,12,15,4,1,9,1
2880,35,16,20,6,1,9,1
2881,14,19,16,6,1,9,0
2882,8,19,16,6,1,9,0
2883,10,18,25,5,1,9,0
2884,45,17,23,5,1,9,1
2885,18,17,23,5,1,9,1
2886,10,10,54,1,1,9,0
2887,16,8,21,1,1,9,1
2888,22,17,4,1,1,9,1
2889,14,18,57,1,1,9,0
2890,23,18,57,1,1,9,1
2891,27,21,43,3,0,9,1
2892,15,8,36,3,0,9,1
2893,34,1,59,3,0,9,1
2894,39,0,27,3,0,9,1
2895,17,3,15,3,0,9,1
2896,3,9,6,3,0,9,0
2897,3,9,6,3,0,9,0
2898,37,1,46,2,0,9,1
2899,27,2,19,2,0,9,1
2900,2,21,2,2,0,9,0
2901,9,13,3,2,0,9,0
2902,4,7,4,2,0,9,1
2903,36,18,30,2,0,9,1
2904,33,18,30,2,0,9,1
2905,30,9,35,0,1,9,1
2906,2,19,11,0,1,9,0
2907,0,22,31,0,1,9,1
2908,40,0,9,0,1,9,1
2909,18,0,9,0,1,9,1
2910,41,22,32,4,1,9,1
2911,26,0,13,4,1,9,1
2912,34,0,13,4,1,9,1
2913,40,18,3,6,1,9,1
2914,41,0,12,6,1,9,1
2915,12,0,12,6,1,9,1
2916,1,12,43,5,1,9,0
2917,18,11,8,5,1,9,1
2918,43,11,8,5,1,9,1
2919,38,10,28,1,1,9,1
2920,4,11,13,1,1,9,0
2921,19,11,18,1,1,9,1
2922,9,11,18,1,1,9,1
2923,21,18,41,3,0,9,1
2924,26,6,20,3,0,9,1
2925,29,18,0,3,0,9,1
2926,22,18,0,3,0,9,1
2927,9,10,42,2,0,9,0
2928,28,2,5,2,0,9,1
2929,15,22,27,2,0,9,0
2930,34,8,35,2,0,9,1
2931,36,16,49,2,0,9,1
2932,25,16,49,2,0,9,1
2933,15,11,1,0,1,9,0
2934,39,18,16,0,1,9,1
2935,18,11,26,0,1,9,1
2936,15,11,26,0,1,9,1
2937,6,7,4,4,1,9,0
2938,15,22,31,4,1,9,1
2939,17,22,31,4,1,9,1
2940,37,13,30,6,1,9,1
2941,4,16,58,6,1,9,0
2942,6,8,31,6,1,9,0
2943,32,10,51,6,1,9,1
2944,27,10,51,6,1,9,1
2945,34,23,28,5,1,9,1
2946,39,11,9,5,1,9,1
2947,21,11,9,5,1,9,1
2948,30,11,34,1,0,6,1
2949,32,9,2,1,0,6,1
2950,45,9,2,1,0,6,1
2951,32,9,2,3,0,9,1
2952,28,23,30,2,0,9,1
2953,37,8,53,2,0,9,1
2954,21,9,7,2,0,9,1
2955,39,23,53,2,0,9,1
2956,39,4,48,2,0,9,1
2957,11,19,28,2,0,9,0
2958,16,19,28,2,0,9,1
2959,43,7,23,0,1,9,1
2960,7,3,1,0,1,9,1
2961,1,9,40,0,1,9,0
2962,38,23,58,0,1,9,1
2963,12,23,58,0,1,9,1
2964,14,6,5,4,1,9,1
2965,33,20,30,4,1,9,1
2966,33,20,30,4,1,9,1
2967,29,7,7,6,1,9,1
2968,11,19,58,6,1,9,0
2969,36,19,58,6,1,9,1
2970,14,13,23,5,1,9,0
2971,7,13,30,5,1,9,0
2972,1,0,15,5,1,9,1
2973,28,0,59,5,1,9,1
2974,23,0,59,5,1,9,1
2975,14,13,12,1,1,9,0
2976,42,4,11,1,1,9,1
2977,12,21,46,1,1,9,0
2978,15,21,46,1,1,9,0
2979,37,6,54,3,0,9,1
2980,28,6,54,3,0,9,1
2981,19,8,30,2,0,9,1
2982,29,8,30,2,0,9,1
